CREATE SCHEMA `sellphonecard`;

USE sellphonecard;

create table user
(
    id          int          not null AUTO_INCREMENT,
    account     varchar(255) not null,
    password    varchar(255) not null,
    email       varchar(255) not null,
    role        int,
    phoneNumber varchar(255),
    balance     int,
    isDelete    boolean,
    isActive    boolean,
    createdAt   datetime,
    createdBy   int,
    updatedAt   datetime,
    updatedBy   int,
    deletedAt   datetime,
    deletedBy   int,
    primary key (id)
);

create table product
(
    id        int not null AUTO_INCREMENT,
    name      varchar(255) COLLATE utf8mb4_unicode_ci DEFAULT null,
    quantity  int,
    price     int,
    supplier  int,
    createdAt datetime,
    createdBy int,
    isDelete  boolean,
    deletedAt datetime,
    deletedBy int,
    updatedAt datetime,
    updatedBy int,
    primary key (id)
);

create table supplier
(
    id        int not null AUTO_INCREMENT,
    name      varchar(255) COLLATE utf8mb4_unicode_ci DEFAULT null,
    createdAt datetime,
    createdBy int,
    isDelete  boolean,
    deletedAt datetime,
    deletedBy int,
    updatedAt datetime,
    updatedBy int,
    primary key (id)
);

alter table supplier
    add image varchar(255);
insert into product (`name`, quantity, price, supplier, createdAt, createdBy, isDelete)
values
    ('Thẻ Viettel 10.000', 50, 10000, 1, '2023-07-01 16:33:11', 1, false),
    ('Thẻ Viettel 20.000', 50, 20000, 1, '2023-07-01 16:33:11', 1, false),
    ('Thẻ Viettel 30.000', 50, 30000, 1, '2023-07-01 16:33:11', 1, false),
    ('Thẻ Viettel 50.000', 50, 50000, 1, '2023-07-01 16:33:11', 1, false),
    ('Thẻ Viettel 100.000', 50, 100000, 1, '2023-07-01 16:33:11', 1, false),
    ('Thẻ Viettel 200.000', 50, 200000, 1, '2023-07-01 16:33:11', 1, false),
    ('Thẻ Viettel 300.000', 50, 300000, 1, '2023-07-01 16:33:11', 1, false),
    ('Thẻ Viettel 500.000', 50, 500000, 1, '2023-07-01 16:33:11', 1, false),
    ('Thẻ Vinaphone 10.000', 50, 10000, 2, '2023-07-01 16:33:11', 1, false),
    ('Thẻ Vinaphone 20.000', 50, 20000, 2, '2023-07-01 16:33:11', 1, false),
    ('Thẻ Vinaphone 30.000', 50, 30000, 2, '2023-07-01 16:33:11', 1, false),
    ('Thẻ Vinaphone 50.000', 50, 50000, 2, '2023-07-01 16:33:11', 1, false),
    ('Thẻ Vinaphone 100.000', 50, 100000, 2, '2023-07-01 16:33:11', 1, false),
    ('Thẻ Vinaphone 200.000', 50, 200000, 2, '2023-07-01 16:33:11', 1, false),
    ('Thẻ Vinaphone 300.000', 50, 300000, 2, '2023-07-01 16:33:11', 1, false),
    ('Thẻ Vinaphone 500.000', 50, 500000, 2, '2023-07-01 16:33:11', 1, false),
    ('Thẻ Vietnammobile 10.000', 50, 10000, 3, '2023-07-01 16:33:11', 1, false),
    ('Thẻ Vietnammobile 20.000', 50, 20000, 3, '2023-07-01 16:33:11', 1, false),
    ('Thẻ Vietnammobile 30.000', 50, 30000, 3, '2023-07-01 16:33:11', 1, false),
    ('Thẻ Vietnammobile 50.000', 50, 50000, 3, '2023-07-01 16:33:11', 1, false),
    ('Thẻ Vietnammobile 100.000', 50, 100000, 3, '2023-07-01 16:33:11', 1, false),
    ('Thẻ Vietnammobile 200.000', 50, 200000, 3, '2023-07-01 16:33:11', 1, false),
    ('Thẻ Vietnammobile 300.000', 50, 300000, 3, '2023-07-01 16:33:11', 1, false),
    ('Thẻ Vietnammobile 500.000', 50, 500000, 3, '2023-07-01 16:33:11', 1, false),
    ('Thẻ Mobifone 10.000', 50, 10000, 4, '2023-07-01 16:33:11', 1, false),
    ('Thẻ Mobifone 20.000', 50, 20000, 4, '2023-07-01 16:33:11', 1, false),
    ('Thẻ Mobifone 30.000', 50, 30000, 4, '2023-07-01 16:33:11', 1, false),
    ('Thẻ Mobifone 50.000', 50, 50000, 4, '2023-07-01 16:33:11', 1, false),
    ('Thẻ Mobifone 100.000', 50, 100000, 4, '2023-07-01 16:33:11', 1, false),
    ('Thẻ Mobifone 200.000', 50, 200000, 4, '2023-07-01 16:33:11', 1, false),
    ('Thẻ Mobifone 300.000', 50, 300000, 4, '2023-07-01 16:33:11', 1, false),
    ('Thẻ Mobifone 500.000', 50, 500000, 4, '2023-07-01 16:33:11', 1, false);

INSERT INTO supplier (`id`, `name`, `createdAt`, `createdBy`, `isDelete`, `deletedAt`, `deletedBy`, `updatedAt`,
                      `updatedBy`, `image`)
VALUES (1, 'Viettel', '2023-06-15 22:17:43', 1, 0, NULL, NULL, NULL, NULL, 'image/viettel.png');
INSERT INTO supplier (`id`, `name`, `createdAt`, `createdBy`, `isDelete`, `deletedAt`, `deletedBy`, `updatedAt`,
                      `updatedBy`, `image`)
VALUES (2, 'Vinaphone', '2023-06-15 22:17:43', 1, 0, NULL, NULL, NULL, NULL, 'image/vinaphone.png');
INSERT INTO supplier (`id`, `name`, `createdAt`, `createdBy`, `isDelete`, `deletedAt`, `deletedBy`, `updatedAt`,
                      `updatedBy`, `image`)
VALUES (3, 'Vietnammobile', '2023-06-15 22:17:43', 1, 0, NULL, NULL, NULL, NULL, 'image/vietnammobile.png');
INSERT INTO supplier (`id`, `name`, `createdAt`, `createdBy`, `isDelete`, `deletedAt`, `deletedBy`, `updatedAt`,
                      `updatedBy`, `image`)
VALUES (4, 'Mobifone', '2023-06-15 22:17:43', 1, 0, NULL, NULL, NULL, NULL, 'image/mobifone.png');

INSERT into user(account, password, email, role, isDelete, isActive) VALUE ('sys_admin',
                                                                            'af.$ac240be518fabd2724ddb6f04eeb1da5967448d7e831c08c8fa822809f74c720a9',
                                                                            'swp391grou5@gmail.com', 0, false, true);

CREATE table storage
(
    id           bigint not null AUTO_INCREMENT,
    serialNumber varchar(255),
    cardNumber   varchar(255),
    expiredAt    datetime,
    productId    int,
    createdAt    datetime,
    createdBy    int,
    updatedAt    datetime,
    updatedBy    int,
    deletedAt    datetime,
    deletedBy    int,
    primary key (id)
);

alter table storage
    add column isUsed boolean;
alter table storage
    add column isDelete boolean;

insert into storage (`serialNumber`, cardNumber, expiredAt, productId, createdAt, createdBy, isDelete, isUsed)
values
    ('08847682046', '1140259452460', '2025-07-01 16:33:11', 1, '2023-07-01 16:33:11', 1, false, false),
    ('76063275023', '9485474199668', '2025-07-01 16:33:11', 1, '2023-07-01 16:33:11', 1, false, false),
    ('82451912745', '5883891733949', '2025-07-01 16:33:11', 1, '2023-07-01 16:33:11', 1, false, false),
    ('99303442649', '6456571526601', '2025-07-01 16:33:11', 1, '2023-07-01 16:33:11', 1, false, false),
    ('64151917476', '8958381346184', '2025-07-01 16:33:11', 1, '2023-07-01 16:33:11', 1, false, false),
    ('26340861215', '4464030530866', '2025-07-01 16:33:11', 1, '2023-07-01 16:33:11', 1, false, false),
    ('06283428501', '2350691683625', '2025-07-01 16:33:11', 1, '2023-07-01 16:33:11', 1, false, false),
    ('44758369002', '6459183402156', '2025-07-01 16:33:11', 1, '2023-07-01 16:33:11', 1, false, false),
    ('53827059990', '3557449038839', '2025-07-01 16:33:11', 1, '2023-07-01 16:33:11', 1, false, false),
    ('80364052784', '1098289749872', '2025-07-01 16:33:11', 1, '2023-07-01 16:33:11', 1, false, false),
    ('75824725564', '8344516264076', '2025-07-01 16:33:11', 1, '2023-07-01 16:33:11', 1, false, false),
    ('33122494100', '1318219817292', '2025-07-01 16:33:11', 1, '2023-07-01 16:33:11', 1, false, false),
    ('81948072824', '1588685192391', '2025-07-01 16:33:11', 1, '2023-07-01 16:33:11', 1, false, false),
    ('48699064258', '8725326929136', '2025-07-01 16:33:11', 1, '2023-07-01 16:33:11', 1, false, false),
    ('75613639230', '3556705516073', '2025-07-01 16:33:11', 1, '2023-07-01 16:33:11', 1, false, false),
    ('46432761905', '4040249661631', '2025-07-01 16:33:11', 1, '2023-07-01 16:33:11', 1, false, false),
    ('19842685376', '1061284530272', '2025-07-01 16:33:11', 1, '2023-07-01 16:33:11', 1, false, false),
    ('02339747283', '8109448401119', '2025-07-01 16:33:11', 1, '2023-07-01 16:33:11', 1, false, false),
    ('74032764810', '0861579281285', '2025-07-01 16:33:11', 1, '2023-07-01 16:33:11', 1, false, false),
    ('71246609635', '8971640985287', '2025-07-01 16:33:11', 1, '2023-07-01 16:33:11', 1, false, false),
    ('88050535949', '0281556938231', '2025-07-01 16:33:11', 1, '2023-07-01 16:33:11', 1, false, false),
    ('02071118997', '2490431940149', '2025-07-01 16:33:11', 1, '2023-07-01 16:33:11', 1, false, false),
    ('04778455472', '3197813230616', '2025-07-01 16:33:11', 1, '2023-07-01 16:33:11', 1, false, false),
    ('20455870172', '4517949172779', '2025-07-01 16:33:11', 1, '2023-07-01 16:33:11', 1, false, false),
    ('20224465638', '5908141045020', '2025-07-01 16:33:11', 1, '2023-07-01 16:33:11', 1, false, false),
    ('08936015992', '3268103797965', '2025-07-01 16:33:11', 1, '2023-07-01 16:33:11', 1, false, false),
    ('87935337824', '2282938450744', '2025-07-01 16:33:11', 1, '2023-07-01 16:33:11', 1, false, false),
    ('75256370830', '3209917958674', '2025-07-01 16:33:11', 1, '2023-07-01 16:33:11', 1, false, false),
    ('64168869327', '7188583551678', '2025-07-01 16:33:11', 1, '2023-07-01 16:33:11', 1, false, false),
    ('90440547571', '6130736853797', '2025-07-01 16:33:11', 1, '2023-07-01 16:33:11', 1, false, false),
    ('46313775235', '8804267525512', '2025-07-01 16:33:11', 1, '2023-07-01 16:33:11', 1, false, false),
    ('16102747139', '3497273677844', '2025-07-01 16:33:11', 1, '2023-07-01 16:33:11', 1, false, false),
    ('04851814520', '7743693024325', '2025-07-01 16:33:11', 1, '2023-07-01 16:33:11', 1, false, false),
    ('57937505141', '6462863138847', '2025-07-01 16:33:11', 1, '2023-07-01 16:33:11', 1, false, false),
    ('30913133505', '5146993618906', '2025-07-01 16:33:11', 1, '2023-07-01 16:33:11', 1, false, false),
    ('82601972596', '2470173630162', '2025-07-01 16:33:11', 1, '2023-07-01 16:33:11', 1, false, false),
    ('27720067866', '5908925935567', '2025-07-01 16:33:11', 1, '2023-07-01 16:33:11', 1, false, false),
    ('53621349059', '4328156045505', '2025-07-01 16:33:11', 1, '2023-07-01 16:33:11', 1, false, false),
    ('07506593404', '8022544867056', '2025-07-01 16:33:11', 1, '2023-07-01 16:33:11', 1, false, false),
    ('10496757861', '1709056420052', '2025-07-01 16:33:11', 1, '2023-07-01 16:33:11', 1, false, false),
    ('53892395245', '5428664782054', '2025-07-01 16:33:11', 1, '2023-07-01 16:33:11', 1, false, false),
    ('91586416339', '9508257279912', '2025-07-01 16:33:11', 1, '2023-07-01 16:33:11', 1, false, false),
    ('46538092212', '2785354367385', '2025-07-01 16:33:11', 1, '2023-07-01 16:33:11', 1, false, false),
    ('63852759899', '2346309059397', '2025-07-01 16:33:11', 1, '2023-07-01 16:33:11', 1, false, false),
    ('32246211216', '5726950120967', '2025-07-01 16:33:11', 1, '2023-07-01 16:33:11', 1, false, false),
    ('48439440720', '5852009472742', '2025-07-01 16:33:11', 1, '2023-07-01 16:33:11', 1, false, false),
    ('17684184142', '0154743699431', '2025-07-01 16:33:11', 1, '2023-07-01 16:33:11', 1, false, false),
    ('86662333262', '6005661476333', '2025-07-01 16:33:11', 1, '2023-07-01 16:33:11', 1, false, false),
    ('55369943126', '4369415825197', '2025-07-01 16:33:11', 1, '2023-07-01 16:33:11', 1, false, false),
    ('75293281240', '8269122453548', '2025-07-01 16:33:11', 1, '2023-07-01 16:33:11', 1, false, false),
    ('12163808082', '4392867007485', '2025-07-01 16:33:11', 2, '2023-07-01 16:33:11', 1, false, false),
    ('44198971530', '8029594309159', '2025-07-01 16:33:11', 2, '2023-07-01 16:33:11', 1, false, false),
    ('85764672745', '1002849618943', '2025-07-01 16:33:11', 2, '2023-07-01 16:33:11', 1, false, false),
    ('66730463663', '1119389845093', '2025-07-01 16:33:11', 2, '2023-07-01 16:33:11', 1, false, false),
    ('69834058347', '3654778269624', '2025-07-01 16:33:11', 2, '2023-07-01 16:33:11', 1, false, false),
    ('20621394472', '0877591740827', '2025-07-01 16:33:11', 2, '2023-07-01 16:33:11', 1, false, false),
    ('20111920117', '5674392882781', '2025-07-01 16:33:11', 2, '2023-07-01 16:33:11', 1, false, false),
    ('40945617024', '2115352984759', '2025-07-01 16:33:11', 2, '2023-07-01 16:33:11', 1, false, false),
    ('33946941711', '9690516918041', '2025-07-01 16:33:11', 2, '2023-07-01 16:33:11', 1, false, false),
    ('11704075320', '2599718217089', '2025-07-01 16:33:11', 2, '2023-07-01 16:33:11', 1, false, false),
    ('63063335972', '4613863745688', '2025-07-01 16:33:11', 2, '2023-07-01 16:33:11', 1, false, false),
    ('34352070655', '7980594983491', '2025-07-01 16:33:11', 2, '2023-07-01 16:33:11', 1, false, false),
    ('03385654510', '3846634001969', '2025-07-01 16:33:11', 2, '2023-07-01 16:33:11', 1, false, false),
    ('50166530626', '3990379406094', '2025-07-01 16:33:11', 2, '2023-07-01 16:33:11', 1, false, false),
    ('09074397791', '7054927676673', '2025-07-01 16:33:11', 2, '2023-07-01 16:33:11', 1, false, false),
    ('74784239834', '4554537766822', '2025-07-01 16:33:11', 2, '2023-07-01 16:33:11', 1, false, false),
    ('40986818812', '0331794727083', '2025-07-01 16:33:11', 2, '2023-07-01 16:33:11', 1, false, false),
    ('11462254050', '8209913408976', '2025-07-01 16:33:11', 2, '2023-07-01 16:33:11', 1, false, false),
    ('00271489037', '1949823728821', '2025-07-01 16:33:11', 2, '2023-07-01 16:33:11', 1, false, false),
    ('58890977730', '9104655808401', '2025-07-01 16:33:11', 2, '2023-07-01 16:33:11', 1, false, false),
    ('10119476958', '6941336948252', '2025-07-01 16:33:11', 2, '2023-07-01 16:33:11', 1, false, false),
    ('99741827168', '8802021584393', '2025-07-01 16:33:11', 2, '2023-07-01 16:33:11', 1, false, false),
    ('65992127802', '8080254259289', '2025-07-01 16:33:11', 2, '2023-07-01 16:33:11', 1, false, false),
    ('96305575950', '9529211190998', '2025-07-01 16:33:11', 2, '2023-07-01 16:33:11', 1, false, false),
    ('57914528149', '9126223947897', '2025-07-01 16:33:11', 2, '2023-07-01 16:33:11', 1, false, false),
    ('09423819980', '0170622051355', '2025-07-01 16:33:11', 2, '2023-07-01 16:33:11', 1, false, false),
    ('06718077924', '2424381855194', '2025-07-01 16:33:11', 2, '2023-07-01 16:33:11', 1, false, false),
    ('56994670603', '5664720022538', '2025-07-01 16:33:11', 2, '2023-07-01 16:33:11', 1, false, false),
    ('24216424717', '2998342266289', '2025-07-01 16:33:11', 2, '2023-07-01 16:33:11', 1, false, false),
    ('29576032514', '8357802023726', '2025-07-01 16:33:11', 2, '2023-07-01 16:33:11', 1, false, false),
    ('58454547165', '8485291986947', '2025-07-01 16:33:11', 2, '2023-07-01 16:33:11', 1, false, false),
    ('07196722662', '4781880036469', '2025-07-01 16:33:11', 2, '2023-07-01 16:33:11', 1, false, false),
    ('59321126523', '0940644342364', '2025-07-01 16:33:11', 2, '2023-07-01 16:33:11', 1, false, false),
    ('17894452816', '7393934107758', '2025-07-01 16:33:11', 2, '2023-07-01 16:33:11', 1, false, false),
    ('30933834512', '1592205840940', '2025-07-01 16:33:11', 2, '2023-07-01 16:33:11', 1, false, false),
    ('97816134559', '3946265253990', '2025-07-01 16:33:11', 2, '2023-07-01 16:33:11', 1, false, false),
    ('99684243346', '2010293662309', '2025-07-01 16:33:11', 2, '2023-07-01 16:33:11', 1, false, false),
    ('19549080016', '5449155994607', '2025-07-01 16:33:11', 2, '2023-07-01 16:33:11', 1, false, false),
    ('92538435664', '2431793258632', '2025-07-01 16:33:11', 2, '2023-07-01 16:33:11', 1, false, false),
    ('74130824669', '2581457829621', '2025-07-01 16:33:11', 2, '2023-07-01 16:33:11', 1, false, false),
    ('61648657327', '5530492643027', '2025-07-01 16:33:11', 2, '2023-07-01 16:33:11', 1, false, false),
    ('61791399101', '7562093382060', '2025-07-01 16:33:11', 2, '2023-07-01 16:33:11', 1, false, false),
    ('11145536231', '0717276060191', '2025-07-01 16:33:11', 2, '2023-07-01 16:33:11', 1, false, false),
    ('08648811562', '6130817611213', '2025-07-01 16:33:11', 2, '2023-07-01 16:33:11', 1, false, false),
    ('02953771542', '9857556704456', '2025-07-01 16:33:11', 2, '2023-07-01 16:33:11', 1, false, false),
    ('13271859959', '8346119877321', '2025-07-01 16:33:11', 2, '2023-07-01 16:33:11', 1, false, false),
    ('86361202915', '0993486842680', '2025-07-01 16:33:11', 2, '2023-07-01 16:33:11', 1, false, false),
    ('61386997951', '6383004312245', '2025-07-01 16:33:11', 2, '2023-07-01 16:33:11', 1, false, false),
    ('43501372400', '4008058084519', '2025-07-01 16:33:11', 2, '2023-07-01 16:33:11', 1, false, false),
    ('91264588377', '1909053749872', '2025-07-01 16:33:11', 2, '2023-07-01 16:33:11', 1, false, false),
    ('24798955399', '7315555889386', '2025-07-01 16:33:11', 3, '2023-07-01 16:33:11', 1, false, false),
    ('67171813411', '7585979612005', '2025-07-01 16:33:11', 3, '2023-07-01 16:33:11', 1, false, false),
    ('19563339434', '2098220191401', '2025-07-01 16:33:11', 3, '2023-07-01 16:33:11', 1, false, false),
    ('94312470115', '0761483434488', '2025-07-01 16:33:11', 3, '2023-07-01 16:33:11', 1, false, false),
    ('13682002863', '3269418318058', '2025-07-01 16:33:11', 3, '2023-07-01 16:33:11', 1, false, false),
    ('14775103055', '1470143695640', '2025-07-01 16:33:11', 3, '2023-07-01 16:33:11', 1, false, false),
    ('00847632802', '7043286174480', '2025-07-01 16:33:11', 3, '2023-07-01 16:33:11', 1, false, false),
    ('49444064360', '7577458297751', '2025-07-01 16:33:11', 3, '2023-07-01 16:33:11', 1, false, false),
    ('84713900724', '3258706326441', '2025-07-01 16:33:11', 3, '2023-07-01 16:33:11', 1, false, false),
    ('24030846875', '2073063676620', '2025-07-01 16:33:11', 3, '2023-07-01 16:33:11', 1, false, false),
    ('68196794753', '7677473528207', '2025-07-01 16:33:11', 3, '2023-07-01 16:33:11', 1, false, false),
    ('43992522571', '4405510950707', '2025-07-01 16:33:11', 3, '2023-07-01 16:33:11', 1, false, false),
    ('98001203131', '8945240907121', '2025-07-01 16:33:11', 3, '2023-07-01 16:33:11', 1, false, false),
    ('91971484376', '1674968432031', '2025-07-01 16:33:11', 3, '2023-07-01 16:33:11', 1, false, false),
    ('78614967027', '1331063265346', '2025-07-01 16:33:11', 3, '2023-07-01 16:33:11', 1, false, false),
    ('27596412643', '1018917285935', '2025-07-01 16:33:11', 3, '2023-07-01 16:33:11', 1, false, false),
    ('79309437125', '6786146776192', '2025-07-01 16:33:11', 3, '2023-07-01 16:33:11', 1, false, false),
    ('18875963880', '6022672480487', '2025-07-01 16:33:11', 3, '2023-07-01 16:33:11', 1, false, false),
    ('29734681270', '9090516265519', '2025-07-01 16:33:11', 3, '2023-07-01 16:33:11', 1, false, false),
    ('88820262897', '3703855823960', '2025-07-01 16:33:11', 3, '2023-07-01 16:33:11', 1, false, false),
    ('78498428393', '0886303599380', '2025-07-01 16:33:11', 3, '2023-07-01 16:33:11', 1, false, false),
    ('04005640350', '7892799111413', '2025-07-01 16:33:11', 3, '2023-07-01 16:33:11', 1, false, false),
    ('71046194105', '7815440464733', '2025-07-01 16:33:11', 3, '2023-07-01 16:33:11', 1, false, false),
    ('28708679227', '6167634352517', '2025-07-01 16:33:11', 3, '2023-07-01 16:33:11', 1, false, false),
    ('90380518571', '7456733390058', '2025-07-01 16:33:11', 3, '2023-07-01 16:33:11', 1, false, false),
    ('96647872193', '1811122042886', '2025-07-01 16:33:11', 3, '2023-07-01 16:33:11', 1, false, false),
    ('24351196816', '5246355082844', '2025-07-01 16:33:11', 3, '2023-07-01 16:33:11', 1, false, false),
    ('05681044096', '0850616473482', '2025-07-01 16:33:11', 3, '2023-07-01 16:33:11', 1, false, false),
    ('86138092544', '3255602897782', '2025-07-01 16:33:11', 3, '2023-07-01 16:33:11', 1, false, false),
    ('80177076277', '4008559430679', '2025-07-01 16:33:11', 3, '2023-07-01 16:33:11', 1, false, false),
    ('21313787899', '4522578897650', '2025-07-01 16:33:11', 3, '2023-07-01 16:33:11', 1, false, false),
    ('27835759959', '0232478373737', '2025-07-01 16:33:11', 3, '2023-07-01 16:33:11', 1, false, false),
    ('19465855129', '2693476375869', '2025-07-01 16:33:11', 3, '2023-07-01 16:33:11', 1, false, false),
    ('19500476132', '7661994204824', '2025-07-01 16:33:11', 3, '2023-07-01 16:33:11', 1, false, false),
    ('32624033446', '4252506061429', '2025-07-01 16:33:11', 3, '2023-07-01 16:33:11', 1, false, false),
    ('23738750366', '7401126357598', '2025-07-01 16:33:11', 3, '2023-07-01 16:33:11', 1, false, false),
    ('03047795777', '0701376676790', '2025-07-01 16:33:11', 3, '2023-07-01 16:33:11', 1, false, false),
    ('21187732620', '6837104142687', '2025-07-01 16:33:11', 3, '2023-07-01 16:33:11', 1, false, false),
    ('04369732306', '4324778504430', '2025-07-01 16:33:11', 3, '2023-07-01 16:33:11', 1, false, false),
    ('60520357157', '4378147200500', '2025-07-01 16:33:11', 3, '2023-07-01 16:33:11', 1, false, false),
    ('26111723064', '5684124908087', '2025-07-01 16:33:11', 3, '2023-07-01 16:33:11', 1, false, false),
    ('54776012479', '4854580637525', '2025-07-01 16:33:11', 3, '2023-07-01 16:33:11', 1, false, false),
    ('25552313931', '7640079987149', '2025-07-01 16:33:11', 3, '2023-07-01 16:33:11', 1, false, false),
    ('77443356066', '9651014139499', '2025-07-01 16:33:11', 3, '2023-07-01 16:33:11', 1, false, false),
    ('36381852049', '9829547823915', '2025-07-01 16:33:11', 3, '2023-07-01 16:33:11', 1, false, false),
    ('05008893375', '8559263470340', '2025-07-01 16:33:11', 3, '2023-07-01 16:33:11', 1, false, false),
    ('73206205166', '1418299606596', '2025-07-01 16:33:11', 3, '2023-07-01 16:33:11', 1, false, false),
    ('22808370398', '3941864521564', '2025-07-01 16:33:11', 3, '2023-07-01 16:33:11', 1, false, false),
    ('07765707134', '0883070123312', '2025-07-01 16:33:11', 3, '2023-07-01 16:33:11', 1, false, false),
    ('95979085565', '9086369759591', '2025-07-01 16:33:11', 3, '2023-07-01 16:33:11', 1, false, false),
    ('50358914748', '6320214478632', '2025-07-01 16:33:11', 4, '2023-07-01 16:33:11', 1, false, false),
    ('03077495537', '0146682529035', '2025-07-01 16:33:11', 4, '2023-07-01 16:33:11', 1, false, false),
    ('66173993198', '3571563762024', '2025-07-01 16:33:11', 4, '2023-07-01 16:33:11', 1, false, false),
    ('98315993493', '2522072254077', '2025-07-01 16:33:11', 4, '2023-07-01 16:33:11', 1, false, false),
    ('43311261260', '7181424607624', '2025-07-01 16:33:11', 4, '2023-07-01 16:33:11', 1, false, false),
    ('77851676177', '4686423368230', '2025-07-01 16:33:11', 4, '2023-07-01 16:33:11', 1, false, false),
    ('04728296354', '7204842382683', '2025-07-01 16:33:11', 4, '2023-07-01 16:33:11', 1, false, false),
    ('50651841166', '2328622767334', '2025-07-01 16:33:11', 4, '2023-07-01 16:33:11', 1, false, false),
    ('94859283798', '3700449383178', '2025-07-01 16:33:11', 4, '2023-07-01 16:33:11', 1, false, false),
    ('74540153551', '5594778032138', '2025-07-01 16:33:11', 4, '2023-07-01 16:33:11', 1, false, false),
    ('36472567106', '6042047667474', '2025-07-01 16:33:11', 4, '2023-07-01 16:33:11', 1, false, false),
    ('97049555855', '5068084753546', '2025-07-01 16:33:11', 4, '2023-07-01 16:33:11', 1, false, false),
    ('76513330216', '3970284732235', '2025-07-01 16:33:11', 4, '2023-07-01 16:33:11', 1, false, false),
    ('38448045103', '3913185937959', '2025-07-01 16:33:11', 4, '2023-07-01 16:33:11', 1, false, false),
    ('36537274589', '6832950148688', '2025-07-01 16:33:11', 4, '2023-07-01 16:33:11', 1, false, false),
    ('58577810429', '7909792834824', '2025-07-01 16:33:11', 4, '2023-07-01 16:33:11', 1, false, false),
    ('80933718533', '9070556173764', '2025-07-01 16:33:11', 4, '2023-07-01 16:33:11', 1, false, false),
    ('69091750450', '1692623215988', '2025-07-01 16:33:11', 4, '2023-07-01 16:33:11', 1, false, false),
    ('18413622838', '9056448492117', '2025-07-01 16:33:11', 4, '2023-07-01 16:33:11', 1, false, false),
    ('67432218071', '9078866768950', '2025-07-01 16:33:11', 4, '2023-07-01 16:33:11', 1, false, false),
    ('08039230770', '1470076657849', '2025-07-01 16:33:11', 4, '2023-07-01 16:33:11', 1, false, false),
    ('27406881530', '2263539291154', '2025-07-01 16:33:11', 4, '2023-07-01 16:33:11', 1, false, false),
    ('41126720993', '9502836667274', '2025-07-01 16:33:11', 4, '2023-07-01 16:33:11', 1, false, false),
    ('40275701515', '8966341079660', '2025-07-01 16:33:11', 4, '2023-07-01 16:33:11', 1, false, false),
    ('59573908219', '1247627920793', '2025-07-01 16:33:11', 4, '2023-07-01 16:33:11', 1, false, false),
    ('12776083301', '2374528819980', '2025-07-01 16:33:11', 4, '2023-07-01 16:33:11', 1, false, false),
    ('43730716573', '8922758167292', '2025-07-01 16:33:11', 4, '2023-07-01 16:33:11', 1, false, false),
    ('18766274154', '4690498163085', '2025-07-01 16:33:11', 4, '2023-07-01 16:33:11', 1, false, false),
    ('13724418033', '4619467185054', '2025-07-01 16:33:11', 4, '2023-07-01 16:33:11', 1, false, false),
    ('13644667203', '3391323150990', '2025-07-01 16:33:11', 4, '2023-07-01 16:33:11', 1, false, false),
    ('96598087247', '5499428821285', '2025-07-01 16:33:11', 4, '2023-07-01 16:33:11', 1, false, false),
    ('92542258864', '0473574042364', '2025-07-01 16:33:11', 4, '2023-07-01 16:33:11', 1, false, false),
    ('79083672966', '1267319650036', '2025-07-01 16:33:11', 4, '2023-07-01 16:33:11', 1, false, false),
    ('13429606574', '6673884466303', '2025-07-01 16:33:11', 4, '2023-07-01 16:33:11', 1, false, false),
    ('93537136889', '9540697830450', '2025-07-01 16:33:11', 4, '2023-07-01 16:33:11', 1, false, false),
    ('88784983018', '4255432506362', '2025-07-01 16:33:11', 4, '2023-07-01 16:33:11', 1, false, false),
    ('98520085168', '4775270560488', '2025-07-01 16:33:11', 4, '2023-07-01 16:33:11', 1, false, false),
    ('70584592482', '1810310372304', '2025-07-01 16:33:11', 4, '2023-07-01 16:33:11', 1, false, false),
    ('45817113776', '7152094319736', '2025-07-01 16:33:11', 4, '2023-07-01 16:33:11', 1, false, false),
    ('92152139508', '1158092956557', '2025-07-01 16:33:11', 4, '2023-07-01 16:33:11', 1, false, false),
    ('88233101581', '1684480939293', '2025-07-01 16:33:11', 4, '2023-07-01 16:33:11', 1, false, false),
    ('10841123068', '5958563395903', '2025-07-01 16:33:11', 4, '2023-07-01 16:33:11', 1, false, false),
    ('59312313809', '8082771994203', '2025-07-01 16:33:11', 4, '2023-07-01 16:33:11', 1, false, false),
    ('09954496396', '4710100456363', '2025-07-01 16:33:11', 4, '2023-07-01 16:33:11', 1, false, false),
    ('32399268245', '3862340599495', '2025-07-01 16:33:11', 4, '2023-07-01 16:33:11', 1, false, false),
    ('26311339268', '7417047811334', '2025-07-01 16:33:11', 4, '2023-07-01 16:33:11', 1, false, false),
    ('88469497385', '6367731079793', '2025-07-01 16:33:11', 4, '2023-07-01 16:33:11', 1, false, false),
    ('77978871074', '2363470436954', '2025-07-01 16:33:11', 4, '2023-07-01 16:33:11', 1, false, false),
    ('73842597514', '0711938987585', '2025-07-01 16:33:11', 4, '2023-07-01 16:33:11', 1, false, false),
    ('99884175614', '5953722656707', '2025-07-01 16:33:11', 4, '2023-07-01 16:33:11', 1, false, false),
    ('16018585503', '1743601493611', '2025-07-01 16:33:11', 5, '2023-07-01 16:33:11', 1, false, false),
    ('54126857526', '4995956002514', '2025-07-01 16:33:11', 5, '2023-07-01 16:33:11', 1, false, false),
    ('67920775315', '9801961390073', '2025-07-01 16:33:11', 5, '2023-07-01 16:33:11', 1, false, false),
    ('60347447464', '8661738380283', '2025-07-01 16:33:11', 5, '2023-07-01 16:33:11', 1, false, false),
    ('60037525908', '3352705522224', '2025-07-01 16:33:11', 5, '2023-07-01 16:33:11', 1, false, false),
    ('45071287518', '4005525630903', '2025-07-01 16:33:11', 5, '2023-07-01 16:33:11', 1, false, false),
    ('30295613092', '0160114434295', '2025-07-01 16:33:11', 5, '2023-07-01 16:33:11', 1, false, false),
    ('72188636698', '1738438939853', '2025-07-01 16:33:11', 5, '2023-07-01 16:33:11', 1, false, false),
    ('46785761619', '9036340897942', '2025-07-01 16:33:11', 5, '2023-07-01 16:33:11', 1, false, false),
    ('24603354154', '5097897709710', '2025-07-01 16:33:11', 5, '2023-07-01 16:33:11', 1, false, false),
    ('23570559435', '6972410025358', '2025-07-01 16:33:11', 5, '2023-07-01 16:33:11', 1, false, false),
    ('90216982138', '4873930465249', '2025-07-01 16:33:11', 5, '2023-07-01 16:33:11', 1, false, false),
    ('78187909062', '8033342757086', '2025-07-01 16:33:11', 5, '2023-07-01 16:33:11', 1, false, false),
    ('62329933848', '2012419481975', '2025-07-01 16:33:11', 5, '2023-07-01 16:33:11', 1, false, false),
    ('11918147568', '7488318274391', '2025-07-01 16:33:11', 5, '2023-07-01 16:33:11', 1, false, false),
    ('56358675060', '0000082480413', '2025-07-01 16:33:11', 5, '2023-07-01 16:33:11', 1, false, false),
    ('24851859661', '7678742272168', '2025-07-01 16:33:11', 5, '2023-07-01 16:33:11', 1, false, false),
    ('69743043442', '8962948849376', '2025-07-01 16:33:11', 5, '2023-07-01 16:33:11', 1, false, false),
    ('61177181858', '6097671026429', '2025-07-01 16:33:11', 5, '2023-07-01 16:33:11', 1, false, false),
    ('22545541322', '7579551122146', '2025-07-01 16:33:11', 5, '2023-07-01 16:33:11', 1, false, false),
    ('41468129392', '6881738268803', '2025-07-01 16:33:11', 5, '2023-07-01 16:33:11', 1, false, false),
    ('25649384269', '9976598380367', '2025-07-01 16:33:11', 5, '2023-07-01 16:33:11', 1, false, false),
    ('93984021516', '5845769698390', '2025-07-01 16:33:11', 5, '2023-07-01 16:33:11', 1, false, false),
    ('09314964253', '9287467064220', '2025-07-01 16:33:11', 5, '2023-07-01 16:33:11', 1, false, false),
    ('66435883187', '0774403853773', '2025-07-01 16:33:11', 5, '2023-07-01 16:33:11', 1, false, false),
    ('74131315925', '4749407464401', '2025-07-01 16:33:11', 5, '2023-07-01 16:33:11', 1, false, false),
    ('74307405366', '5476608018289', '2025-07-01 16:33:11', 5, '2023-07-01 16:33:11', 1, false, false),
    ('69026653407', '6344241892228', '2025-07-01 16:33:11', 5, '2023-07-01 16:33:11', 1, false, false),
    ('58639674347', '7094227760515', '2025-07-01 16:33:11', 5, '2023-07-01 16:33:11', 1, false, false),
    ('91866701620', '4676478279494', '2025-07-01 16:33:11', 5, '2023-07-01 16:33:11', 1, false, false),
    ('15838600038', '8943548496723', '2025-07-01 16:33:11', 5, '2023-07-01 16:33:11', 1, false, false),
    ('60205276162', '3581693174114', '2025-07-01 16:33:11', 5, '2023-07-01 16:33:11', 1, false, false),
    ('65377379372', '4273943352641', '2025-07-01 16:33:11', 5, '2023-07-01 16:33:11', 1, false, false),
    ('75315943829', '9826062463722', '2025-07-01 16:33:11', 5, '2023-07-01 16:33:11', 1, false, false),
    ('27254614055', '6814928610654', '2025-07-01 16:33:11', 5, '2023-07-01 16:33:11', 1, false, false),
    ('83913137128', '7358781112722', '2025-07-01 16:33:11', 5, '2023-07-01 16:33:11', 1, false, false),
    ('93128175033', '2287381835567', '2025-07-01 16:33:11', 5, '2023-07-01 16:33:11', 1, false, false),
    ('01919030491', '9857346826378', '2025-07-01 16:33:11', 5, '2023-07-01 16:33:11', 1, false, false),
    ('57083430982', '0565812550520', '2025-07-01 16:33:11', 5, '2023-07-01 16:33:11', 1, false, false),
    ('10695688360', '6307113060864', '2025-07-01 16:33:11', 5, '2023-07-01 16:33:11', 1, false, false),
    ('16924379343', '6266851058157', '2025-07-01 16:33:11', 5, '2023-07-01 16:33:11', 1, false, false),
    ('22091469703', '5120572201816', '2025-07-01 16:33:11', 5, '2023-07-01 16:33:11', 1, false, false),
    ('91354880824', '8247512204726', '2025-07-01 16:33:11', 5, '2023-07-01 16:33:11', 1, false, false),
    ('87159661538', '2588041124306', '2025-07-01 16:33:11', 5, '2023-07-01 16:33:11', 1, false, false),
    ('40581797901', '6385540809970', '2025-07-01 16:33:11', 5, '2023-07-01 16:33:11', 1, false, false),
    ('04563762760', '5285266251532', '2025-07-01 16:33:11', 5, '2023-07-01 16:33:11', 1, false, false),
    ('90265847809', '4203217318101', '2025-07-01 16:33:11', 5, '2023-07-01 16:33:11', 1, false, false),
    ('09719389202', '2976778560240', '2025-07-01 16:33:11', 5, '2023-07-01 16:33:11', 1, false, false),
    ('75297979428', '4658255645943', '2025-07-01 16:33:11', 5, '2023-07-01 16:33:11', 1, false, false),
    ('08166576437', '9941304558615', '2025-07-01 16:33:11', 5, '2023-07-01 16:33:11', 1, false, false),
    ('61639206997', '0902887099858', '2025-07-01 16:33:11', 6, '2023-07-01 16:33:11', 1, false, false),
    ('22112500731', '0506005510601', '2025-07-01 16:33:11', 6, '2023-07-01 16:33:11', 1, false, false),
    ('95384580239', '5416471708395', '2025-07-01 16:33:11', 6, '2023-07-01 16:33:11', 1, false, false),
    ('83453848532', '1123416474597', '2025-07-01 16:33:11', 6, '2023-07-01 16:33:11', 1, false, false),
    ('83894559602', '1392792292137', '2025-07-01 16:33:11', 6, '2023-07-01 16:33:11', 1, false, false),
    ('46458691277', '0766670642296', '2025-07-01 16:33:11', 6, '2023-07-01 16:33:11', 1, false, false),
    ('73193288144', '2868115145480', '2025-07-01 16:33:11', 6, '2023-07-01 16:33:11', 1, false, false),
    ('39047746133', '2579330639742', '2025-07-01 16:33:11', 6, '2023-07-01 16:33:11', 1, false, false),
    ('99585536453', '8093967893596', '2025-07-01 16:33:11', 6, '2023-07-01 16:33:11', 1, false, false),
    ('01967829463', '8589603206561', '2025-07-01 16:33:11', 6, '2023-07-01 16:33:11', 1, false, false),
    ('12113365063', '1478244957032', '2025-07-01 16:33:11', 6, '2023-07-01 16:33:11', 1, false, false),
    ('82504048510', '1274509342252', '2025-07-01 16:33:11', 6, '2023-07-01 16:33:11', 1, false, false),
    ('56334374973', '5688310319341', '2025-07-01 16:33:11', 6, '2023-07-01 16:33:11', 1, false, false),
    ('94850121644', '6868350290197', '2025-07-01 16:33:11', 6, '2023-07-01 16:33:11', 1, false, false),
    ('55721482690', '3044038936442', '2025-07-01 16:33:11', 6, '2023-07-01 16:33:11', 1, false, false),
    ('97739232526', '3261847781537', '2025-07-01 16:33:11', 6, '2023-07-01 16:33:11', 1, false, false),
    ('72902610439', '6866189547197', '2025-07-01 16:33:11', 6, '2023-07-01 16:33:11', 1, false, false),
    ('11829928282', '3305693587663', '2025-07-01 16:33:11', 6, '2023-07-01 16:33:11', 1, false, false),
    ('23523236611', '0967684054982', '2025-07-01 16:33:11', 6, '2023-07-01 16:33:11', 1, false, false),
    ('25580220415', '1554767626523', '2025-07-01 16:33:11', 6, '2023-07-01 16:33:11', 1, false, false),
    ('64317376849', '3018959846424', '2025-07-01 16:33:11', 6, '2023-07-01 16:33:11', 1, false, false),
    ('53073905926', '5553317015589', '2025-07-01 16:33:11', 6, '2023-07-01 16:33:11', 1, false, false),
    ('48847322797', '2488248302088', '2025-07-01 16:33:11', 6, '2023-07-01 16:33:11', 1, false, false),
    ('69659759703', '0187440333037', '2025-07-01 16:33:11', 6, '2023-07-01 16:33:11', 1, false, false),
    ('98016520639', '9559051187172', '2025-07-01 16:33:11', 6, '2023-07-01 16:33:11', 1, false, false),
    ('80439383722', '9614801412842', '2025-07-01 16:33:11', 6, '2023-07-01 16:33:11', 1, false, false),
    ('89398226428', '9042691468760', '2025-07-01 16:33:11', 6, '2023-07-01 16:33:11', 1, false, false),
    ('19146616893', '8514441618679', '2025-07-01 16:33:11', 6, '2023-07-01 16:33:11', 1, false, false),
    ('81866612201', '2310647072392', '2025-07-01 16:33:11', 6, '2023-07-01 16:33:11', 1, false, false),
    ('43415710179', '6052130753414', '2025-07-01 16:33:11', 6, '2023-07-01 16:33:11', 1, false, false),
    ('72345022886', '2439967217168', '2025-07-01 16:33:11', 6, '2023-07-01 16:33:11', 1, false, false),
    ('06473527642', '9834719563895', '2025-07-01 16:33:11', 6, '2023-07-01 16:33:11', 1, false, false),
    ('48648612111', '4178259883996', '2025-07-01 16:33:11', 6, '2023-07-01 16:33:11', 1, false, false),
    ('04470400626', '8294722527753', '2025-07-01 16:33:11', 6, '2023-07-01 16:33:11', 1, false, false),
    ('18362728041', '6034190940055', '2025-07-01 16:33:11', 6, '2023-07-01 16:33:11', 1, false, false),
    ('71476744136', '8405864340137', '2025-07-01 16:33:11', 6, '2023-07-01 16:33:11', 1, false, false),
    ('30992972713', '3087792481035', '2025-07-01 16:33:11', 6, '2023-07-01 16:33:11', 1, false, false),
    ('30240007823', '9558881637660', '2025-07-01 16:33:11', 6, '2023-07-01 16:33:11', 1, false, false),
    ('59133752834', '8036237359760', '2025-07-01 16:33:11', 6, '2023-07-01 16:33:11', 1, false, false),
    ('43344481240', '6509238048634', '2025-07-01 16:33:11', 6, '2023-07-01 16:33:11', 1, false, false),
    ('80734244566', '3159159783390', '2025-07-01 16:33:11', 6, '2023-07-01 16:33:11', 1, false, false),
    ('29572615004', '6358227680536', '2025-07-01 16:33:11', 6, '2023-07-01 16:33:11', 1, false, false),
    ('98545575662', '1255024881734', '2025-07-01 16:33:11', 6, '2023-07-01 16:33:11', 1, false, false),
    ('46178500010', '1263517454309', '2025-07-01 16:33:11', 6, '2023-07-01 16:33:11', 1, false, false),
    ('60334513613', '3178691119203', '2025-07-01 16:33:11', 6, '2023-07-01 16:33:11', 1, false, false),
    ('71089395755', '3947996286385', '2025-07-01 16:33:11', 6, '2023-07-01 16:33:11', 1, false, false),
    ('39106785925', '6896598237176', '2025-07-01 16:33:11', 6, '2023-07-01 16:33:11', 1, false, false),
    ('25751488072', '9995245765257', '2025-07-01 16:33:11', 6, '2023-07-01 16:33:11', 1, false, false),
    ('41614580230', '9647015799626', '2025-07-01 16:33:11', 6, '2023-07-01 16:33:11', 1, false, false),
    ('26970028467', '0642353305312', '2025-07-01 16:33:11', 6, '2023-07-01 16:33:11', 1, false, false),
    ('77835331038', '1266816651589', '2025-07-01 16:33:11', 7, '2023-07-01 16:33:11', 1, false, false),
    ('91094480921', '3915481852307', '2025-07-01 16:33:11', 7, '2023-07-01 16:33:11', 1, false, false),
    ('79834763930', '0810400793439', '2025-07-01 16:33:11', 7, '2023-07-01 16:33:11', 1, false, false),
    ('28919056164', '2663111574950', '2025-07-01 16:33:11', 7, '2023-07-01 16:33:11', 1, false, false),
    ('74269676342', '3383452210892', '2025-07-01 16:33:11', 7, '2023-07-01 16:33:11', 1, false, false),
    ('86040319535', '0303502198628', '2025-07-01 16:33:11', 7, '2023-07-01 16:33:11', 1, false, false),
    ('66844300411', '7765422120898', '2025-07-01 16:33:11', 7, '2023-07-01 16:33:11', 1, false, false),
    ('46090458153', '7051227870919', '2025-07-01 16:33:11', 7, '2023-07-01 16:33:11', 1, false, false),
    ('78949816385', '3027307526740', '2025-07-01 16:33:11', 7, '2023-07-01 16:33:11', 1, false, false),
    ('12301835998', '0807650186449', '2025-07-01 16:33:11', 7, '2023-07-01 16:33:11', 1, false, false),
    ('01300262360', '4356358659523', '2025-07-01 16:33:11', 7, '2023-07-01 16:33:11', 1, false, false),
    ('99781822577', '4234423212783', '2025-07-01 16:33:11', 7, '2023-07-01 16:33:11', 1, false, false),
    ('22036622742', '4295512820941', '2025-07-01 16:33:11', 7, '2023-07-01 16:33:11', 1, false, false),
    ('57621373952', '5256994780910', '2025-07-01 16:33:11', 7, '2023-07-01 16:33:11', 1, false, false),
    ('56940178670', '9980756635433', '2025-07-01 16:33:11', 7, '2023-07-01 16:33:11', 1, false, false),
    ('98610070974', '3662614148822', '2025-07-01 16:33:11', 7, '2023-07-01 16:33:11', 1, false, false),
    ('35108919988', '9085370117403', '2025-07-01 16:33:11', 7, '2023-07-01 16:33:11', 1, false, false),
    ('79703982759', '5966357735902', '2025-07-01 16:33:11', 7, '2023-07-01 16:33:11', 1, false, false),
    ('77825433380', '0305367265495', '2025-07-01 16:33:11', 7, '2023-07-01 16:33:11', 1, false, false),
    ('89522080947', '2368520653682', '2025-07-01 16:33:11', 7, '2023-07-01 16:33:11', 1, false, false),
    ('10108324239', '3157821053518', '2025-07-01 16:33:11', 7, '2023-07-01 16:33:11', 1, false, false),
    ('40037133746', '7047780335358', '2025-07-01 16:33:11', 7, '2023-07-01 16:33:11', 1, false, false),
    ('60986737680', '3554529230160', '2025-07-01 16:33:11', 7, '2023-07-01 16:33:11', 1, false, false),
    ('49921192499', '5292700541519', '2025-07-01 16:33:11', 7, '2023-07-01 16:33:11', 1, false, false),
    ('96544904228', '9667641828268', '2025-07-01 16:33:11', 7, '2023-07-01 16:33:11', 1, false, false),
    ('36229068103', '0905957077477', '2025-07-01 16:33:11', 7, '2023-07-01 16:33:11', 1, false, false),
    ('89384897192', '4620103547184', '2025-07-01 16:33:11', 7, '2023-07-01 16:33:11', 1, false, false),
    ('34628921867', '3348881832730', '2025-07-01 16:33:11', 7, '2023-07-01 16:33:11', 1, false, false),
    ('81701386920', '9407545003682', '2025-07-01 16:33:11', 7, '2023-07-01 16:33:11', 1, false, false),
    ('12248637265', '7486554914556', '2025-07-01 16:33:11', 7, '2023-07-01 16:33:11', 1, false, false),
    ('69193306360', '6851886040191', '2025-07-01 16:33:11', 7, '2023-07-01 16:33:11', 1, false, false),
    ('66008940811', '4524488359845', '2025-07-01 16:33:11', 7, '2023-07-01 16:33:11', 1, false, false),
    ('37191736585', '6911195670039', '2025-07-01 16:33:11', 7, '2023-07-01 16:33:11', 1, false, false),
    ('51302462725', '2487125199111', '2025-07-01 16:33:11', 7, '2023-07-01 16:33:11', 1, false, false),
    ('60370196286', '1609181331933', '2025-07-01 16:33:11', 7, '2023-07-01 16:33:11', 1, false, false),
    ('80718788571', '5909920708064', '2025-07-01 16:33:11', 7, '2023-07-01 16:33:11', 1, false, false),
    ('24007071091', '2132649834543', '2025-07-01 16:33:11', 7, '2023-07-01 16:33:11', 1, false, false),
    ('62067580147', '7960373677092', '2025-07-01 16:33:11', 7, '2023-07-01 16:33:11', 1, false, false),
    ('33450322675', '7752347595764', '2025-07-01 16:33:11', 7, '2023-07-01 16:33:11', 1, false, false),
    ('88943097461', '9701806552899', '2025-07-01 16:33:11', 7, '2023-07-01 16:33:11', 1, false, false),
    ('57236564898', '9518629645770', '2025-07-01 16:33:11', 7, '2023-07-01 16:33:11', 1, false, false),
    ('98653695649', '8699872870425', '2025-07-01 16:33:11', 7, '2023-07-01 16:33:11', 1, false, false),
    ('20634663611', '6370862715303', '2025-07-01 16:33:11', 7, '2023-07-01 16:33:11', 1, false, false),
    ('51191463566', '3950026774148', '2025-07-01 16:33:11', 7, '2023-07-01 16:33:11', 1, false, false),
    ('67401379342', '8345655362153', '2025-07-01 16:33:11', 7, '2023-07-01 16:33:11', 1, false, false),
    ('93974690679', '6262611254707', '2025-07-01 16:33:11', 7, '2023-07-01 16:33:11', 1, false, false),
    ('33533367862', '2142505050295', '2025-07-01 16:33:11', 7, '2023-07-01 16:33:11', 1, false, false),
    ('71461816879', '2334224989148', '2025-07-01 16:33:11', 7, '2023-07-01 16:33:11', 1, false, false),
    ('99637862804', '8511038367209', '2025-07-01 16:33:11', 7, '2023-07-01 16:33:11', 1, false, false),
    ('82551976310', '5552020207152', '2025-07-01 16:33:11', 7, '2023-07-01 16:33:11', 1, false, false),
    ('47092613294', '7476465351753', '2025-07-01 16:33:11', 8, '2023-07-01 16:33:11', 1, false, false),
    ('77905958554', '6356922149595', '2025-07-01 16:33:11', 8, '2023-07-01 16:33:11', 1, false, false),
    ('45361436225', '6053441196606', '2025-07-01 16:33:11', 8, '2023-07-01 16:33:11', 1, false, false),
    ('37129261493', '5422423350815', '2025-07-01 16:33:11', 8, '2023-07-01 16:33:11', 1, false, false),
    ('42704194301', '6488076191501', '2025-07-01 16:33:11', 8, '2023-07-01 16:33:11', 1, false, false),
    ('54912069398', '4448822724632', '2025-07-01 16:33:11', 8, '2023-07-01 16:33:11', 1, false, false),
    ('43950699352', '2814866335010', '2025-07-01 16:33:11', 8, '2023-07-01 16:33:11', 1, false, false),
    ('66347406941', '0627462433597', '2025-07-01 16:33:11', 8, '2023-07-01 16:33:11', 1, false, false),
    ('37936119015', '7720627703459', '2025-07-01 16:33:11', 8, '2023-07-01 16:33:11', 1, false, false),
    ('58967990735', '9798439403213', '2025-07-01 16:33:11', 8, '2023-07-01 16:33:11', 1, false, false),
    ('33410004750', '3728583238951', '2025-07-01 16:33:11', 8, '2023-07-01 16:33:11', 1, false, false),
    ('55226178699', '5448734364995', '2025-07-01 16:33:11', 8, '2023-07-01 16:33:11', 1, false, false),
    ('83825042648', '7454317833004', '2025-07-01 16:33:11', 8, '2023-07-01 16:33:11', 1, false, false),
    ('67458144783', '2086390119145', '2025-07-01 16:33:11', 8, '2023-07-01 16:33:11', 1, false, false),
    ('93172096767', '6730718145960', '2025-07-01 16:33:11', 8, '2023-07-01 16:33:11', 1, false, false),
    ('19170597318', '9063864172582', '2025-07-01 16:33:11', 8, '2023-07-01 16:33:11', 1, false, false),
    ('72988004596', '6086189925626', '2025-07-01 16:33:11', 8, '2023-07-01 16:33:11', 1, false, false),
    ('81978817103', '8102620029396', '2025-07-01 16:33:11', 8, '2023-07-01 16:33:11', 1, false, false),
    ('34545845758', '2811665891702', '2025-07-01 16:33:11', 8, '2023-07-01 16:33:11', 1, false, false),
    ('25259559617', '1087808909330', '2025-07-01 16:33:11', 8, '2023-07-01 16:33:11', 1, false, false),
    ('89849356374', '2055088975391', '2025-07-01 16:33:11', 8, '2023-07-01 16:33:11', 1, false, false),
    ('77633428115', '2762367779794', '2025-07-01 16:33:11', 8, '2023-07-01 16:33:11', 1, false, false),
    ('72439402611', '9008112304400', '2025-07-01 16:33:11', 8, '2023-07-01 16:33:11', 1, false, false),
    ('53041276488', '1059562185366', '2025-07-01 16:33:11', 8, '2023-07-01 16:33:11', 1, false, false),
    ('25799535150', '4028766795175', '2025-07-01 16:33:11', 8, '2023-07-01 16:33:11', 1, false, false),
    ('92836187981', '4464741130713', '2025-07-01 16:33:11', 8, '2023-07-01 16:33:11', 1, false, false),
    ('09266937117', '0291837182131', '2025-07-01 16:33:11', 8, '2023-07-01 16:33:11', 1, false, false),
    ('54103362561', '7379133923131', '2025-07-01 16:33:11', 8, '2023-07-01 16:33:11', 1, false, false),
    ('56348003553', '0256848172042', '2025-07-01 16:33:11', 8, '2023-07-01 16:33:11', 1, false, false),
    ('03776742359', '7678458375654', '2025-07-01 16:33:11', 8, '2023-07-01 16:33:11', 1, false, false),
    ('53378140702', '3836693478753', '2025-07-01 16:33:11', 8, '2023-07-01 16:33:11', 1, false, false),
    ('38542786432', '6620884432332', '2025-07-01 16:33:11', 8, '2023-07-01 16:33:11', 1, false, false),
    ('89020467707', '5612560404171', '2025-07-01 16:33:11', 8, '2023-07-01 16:33:11', 1, false, false),
    ('80219857184', '9781754866182', '2025-07-01 16:33:11', 8, '2023-07-01 16:33:11', 1, false, false),
    ('71245603771', '9306305505341', '2025-07-01 16:33:11', 8, '2023-07-01 16:33:11', 1, false, false),
    ('41658532046', '3865404383869', '2025-07-01 16:33:11', 8, '2023-07-01 16:33:11', 1, false, false),
    ('36338246380', '6791260222639', '2025-07-01 16:33:11', 8, '2023-07-01 16:33:11', 1, false, false),
    ('15058282423', '6370509924007', '2025-07-01 16:33:11', 8, '2023-07-01 16:33:11', 1, false, false),
    ('56950399384', '8020714817436', '2025-07-01 16:33:11', 8, '2023-07-01 16:33:11', 1, false, false),
    ('16795519863', '2762140668304', '2025-07-01 16:33:11', 8, '2023-07-01 16:33:11', 1, false, false),
    ('11898667591', '4396067021716', '2025-07-01 16:33:11', 8, '2023-07-01 16:33:11', 1, false, false),
    ('59491817374', '9318048661660', '2025-07-01 16:33:11', 8, '2023-07-01 16:33:11', 1, false, false),
    ('62783116679', '5806831276412', '2025-07-01 16:33:11', 8, '2023-07-01 16:33:11', 1, false, false),
    ('10316876047', '5687289372567', '2025-07-01 16:33:11', 8, '2023-07-01 16:33:11', 1, false, false),
    ('59060021302', '2918158485815', '2025-07-01 16:33:11', 8, '2023-07-01 16:33:11', 1, false, false),
    ('24074545201', '8429698879236', '2025-07-01 16:33:11', 8, '2023-07-01 16:33:11', 1, false, false),
    ('12947010034', '5212116710540', '2025-07-01 16:33:11', 8, '2023-07-01 16:33:11', 1, false, false),
    ('48886724187', '0389911091673', '2025-07-01 16:33:11', 8, '2023-07-01 16:33:11', 1, false, false),
    ('26511187780', '6323725331536', '2025-07-01 16:33:11', 8, '2023-07-01 16:33:11', 1, false, false),
    ('34405000413', '6229897493145', '2025-07-01 16:33:11', 8, '2023-07-01 16:33:11', 1, false, false),
    ('99038172131', '2405584840086', '2025-07-01 16:33:11', 9, '2023-07-01 16:33:11', 1, false, false),
    ('19768329576', '1462604579196', '2025-07-01 16:33:11', 9, '2023-07-01 16:33:11', 1, false, false),
    ('93026427834', '5288606977546', '2025-07-01 16:33:11', 9, '2023-07-01 16:33:11', 1, false, false),
    ('47610646272', '0511261325845', '2025-07-01 16:33:11', 9, '2023-07-01 16:33:11', 1, false, false),
    ('69136744610', '7277485260893', '2025-07-01 16:33:11', 9, '2023-07-01 16:33:11', 1, false, false),
    ('04981158083', '4130739975410', '2025-07-01 16:33:11', 9, '2023-07-01 16:33:11', 1, false, false),
    ('97553598613', '1224213300291', '2025-07-01 16:33:11', 9, '2023-07-01 16:33:11', 1, false, false),
    ('05265412426', '8656307809643', '2025-07-01 16:33:11', 9, '2023-07-01 16:33:11', 1, false, false),
    ('94086914645', '0305422567443', '2025-07-01 16:33:11', 9, '2023-07-01 16:33:11', 1, false, false),
    ('18801820430', '3700351994934', '2025-07-01 16:33:11', 9, '2023-07-01 16:33:11', 1, false, false),
    ('81078297340', '4658165415504', '2025-07-01 16:33:11', 9, '2023-07-01 16:33:11', 1, false, false),
    ('68960892003', '6948834088740', '2025-07-01 16:33:11', 9, '2023-07-01 16:33:11', 1, false, false),
    ('71611621866', '4591890662704', '2025-07-01 16:33:11', 9, '2023-07-01 16:33:11', 1, false, false),
    ('37466251088', '8846540507788', '2025-07-01 16:33:11', 9, '2023-07-01 16:33:11', 1, false, false),
    ('79029504615', '4445871743678', '2025-07-01 16:33:11', 9, '2023-07-01 16:33:11', 1, false, false),
    ('36406697711', '5413755395924', '2025-07-01 16:33:11', 9, '2023-07-01 16:33:11', 1, false, false),
    ('37381998431', '3530298391023', '2025-07-01 16:33:11', 9, '2023-07-01 16:33:11', 1, false, false),
    ('87563414061', '6439513744524', '2025-07-01 16:33:11', 9, '2023-07-01 16:33:11', 1, false, false),
    ('34796936479', '3334370749640', '2025-07-01 16:33:11', 9, '2023-07-01 16:33:11', 1, false, false),
    ('05992076420', '9346873248434', '2025-07-01 16:33:11', 9, '2023-07-01 16:33:11', 1, false, false),
    ('87492637906', '7712724340680', '2025-07-01 16:33:11', 9, '2023-07-01 16:33:11', 1, false, false),
    ('41150379108', '1752014156825', '2025-07-01 16:33:11', 9, '2023-07-01 16:33:11', 1, false, false),
    ('70726977830', '6689801803424', '2025-07-01 16:33:11', 9, '2023-07-01 16:33:11', 1, false, false),
    ('78356684978', '1086290332931', '2025-07-01 16:33:11', 9, '2023-07-01 16:33:11', 1, false, false),
    ('10429249339', '2892832033318', '2025-07-01 16:33:11', 9, '2023-07-01 16:33:11', 1, false, false),
    ('53253559056', '7986676117108', '2025-07-01 16:33:11', 9, '2023-07-01 16:33:11', 1, false, false),
    ('86135170146', '1542358598646', '2025-07-01 16:33:11', 9, '2023-07-01 16:33:11', 1, false, false),
    ('82739007046', '6159770165890', '2025-07-01 16:33:11', 9, '2023-07-01 16:33:11', 1, false, false),
    ('32871772223', '1446951975036', '2025-07-01 16:33:11', 9, '2023-07-01 16:33:11', 1, false, false),
    ('99126187522', '4229704585453', '2025-07-01 16:33:11', 9, '2023-07-01 16:33:11', 1, false, false),
    ('25895290057', '3194704408688', '2025-07-01 16:33:11', 9, '2023-07-01 16:33:11', 1, false, false),
    ('50569672853', '7299824052928', '2025-07-01 16:33:11', 9, '2023-07-01 16:33:11', 1, false, false),
    ('63543271369', '9445075833479', '2025-07-01 16:33:11', 9, '2023-07-01 16:33:11', 1, false, false),
    ('60568412783', '2836074418959', '2025-07-01 16:33:11', 9, '2023-07-01 16:33:11', 1, false, false),
    ('25988984642', '3870363770745', '2025-07-01 16:33:11', 9, '2023-07-01 16:33:11', 1, false, false),
    ('80727918994', '9061093529326', '2025-07-01 16:33:11', 9, '2023-07-01 16:33:11', 1, false, false),
    ('08063669974', '3148412773002', '2025-07-01 16:33:11', 9, '2023-07-01 16:33:11', 1, false, false),
    ('10631036192', '2516806125666', '2025-07-01 16:33:11', 9, '2023-07-01 16:33:11', 1, false, false),
    ('50131712096', '9967942842338', '2025-07-01 16:33:11', 9, '2023-07-01 16:33:11', 1, false, false),
    ('71365894212', '1823747176049', '2025-07-01 16:33:11', 9, '2023-07-01 16:33:11', 1, false, false),
    ('02684042447', '1695174604745', '2025-07-01 16:33:11', 9, '2023-07-01 16:33:11', 1, false, false),
    ('42179529615', '5029029651557', '2025-07-01 16:33:11', 9, '2023-07-01 16:33:11', 1, false, false),
    ('37733845256', '1143611722872', '2025-07-01 16:33:11', 9, '2023-07-01 16:33:11', 1, false, false),
    ('72652805939', '9211909412191', '2025-07-01 16:33:11', 9, '2023-07-01 16:33:11', 1, false, false),
    ('37593450517', '4565722982100', '2025-07-01 16:33:11', 9, '2023-07-01 16:33:11', 1, false, false),
    ('87115401115', '4656383675826', '2025-07-01 16:33:11', 9, '2023-07-01 16:33:11', 1, false, false),
    ('75418619277', '3264148064533', '2025-07-01 16:33:11', 9, '2023-07-01 16:33:11', 1, false, false),
    ('21460516856', '5513405989692', '2025-07-01 16:33:11', 9, '2023-07-01 16:33:11', 1, false, false),
    ('32891714310', '9020912152154', '2025-07-01 16:33:11', 9, '2023-07-01 16:33:11', 1, false, false),
    ('09550802407', '4603647911944', '2025-07-01 16:33:11', 9, '2023-07-01 16:33:11', 1, false, false),
    ('93307906249', '9552365864417', '2025-07-01 16:33:11', 10, '2023-07-01 16:33:11', 1, false, false),
    ('83817185202', '1211794087406', '2025-07-01 16:33:11', 10, '2023-07-01 16:33:11', 1, false, false),
    ('75087902111', '1188368192543', '2025-07-01 16:33:11', 10, '2023-07-01 16:33:11', 1, false, false),
    ('92867088911', '9017405330027', '2025-07-01 16:33:11', 10, '2023-07-01 16:33:11', 1, false, false),
    ('35963372572', '4357422077512', '2025-07-01 16:33:11', 10, '2023-07-01 16:33:11', 1, false, false),
    ('47577891109', '7741752580043', '2025-07-01 16:33:11', 10, '2023-07-01 16:33:11', 1, false, false),
    ('30269491849', '6737787403727', '2025-07-01 16:33:11', 10, '2023-07-01 16:33:11', 1, false, false),
    ('13381853375', '1603917895616', '2025-07-01 16:33:11', 10, '2023-07-01 16:33:11', 1, false, false),
    ('52501798410', '9326627532964', '2025-07-01 16:33:11', 10, '2023-07-01 16:33:11', 1, false, false),
    ('06360577452', '8504120481041', '2025-07-01 16:33:11', 10, '2023-07-01 16:33:11', 1, false, false),
    ('01174620814', '2550341953629', '2025-07-01 16:33:11', 10, '2023-07-01 16:33:11', 1, false, false),
    ('05002467125', '8626922032885', '2025-07-01 16:33:11', 10, '2023-07-01 16:33:11', 1, false, false),
    ('45809721882', '2633394990672', '2025-07-01 16:33:11', 10, '2023-07-01 16:33:11', 1, false, false),
    ('88303218863', '2479079383079', '2025-07-01 16:33:11', 10, '2023-07-01 16:33:11', 1, false, false),
    ('42534657864', '6472047540740', '2025-07-01 16:33:11', 10, '2023-07-01 16:33:11', 1, false, false),
    ('14741266009', '3520228677874', '2025-07-01 16:33:11', 10, '2023-07-01 16:33:11', 1, false, false),
    ('06540983989', '1852666881008', '2025-07-01 16:33:11', 10, '2023-07-01 16:33:11', 1, false, false),
    ('06383210076', '1439652438847', '2025-07-01 16:33:11', 10, '2023-07-01 16:33:11', 1, false, false),
    ('78167469495', '3024791473936', '2025-07-01 16:33:11', 10, '2023-07-01 16:33:11', 1, false, false),
    ('99857764209', '6965163999787', '2025-07-01 16:33:11', 10, '2023-07-01 16:33:11', 1, false, false),
    ('13592903988', '3734249027585', '2025-07-01 16:33:11', 10, '2023-07-01 16:33:11', 1, false, false),
    ('83164984025', '5931222079492', '2025-07-01 16:33:11', 10, '2023-07-01 16:33:11', 1, false, false),
    ('29032147137', '0182709072609', '2025-07-01 16:33:11', 10, '2023-07-01 16:33:11', 1, false, false),
    ('59766578173', '7469079984333', '2025-07-01 16:33:11', 10, '2023-07-01 16:33:11', 1, false, false),
    ('03653717653', '8893311749003', '2025-07-01 16:33:11', 10, '2023-07-01 16:33:11', 1, false, false),
    ('34369010278', '8529389990944', '2025-07-01 16:33:11', 10, '2023-07-01 16:33:11', 1, false, false),
    ('69714387982', '0933772125996', '2025-07-01 16:33:11', 10, '2023-07-01 16:33:11', 1, false, false),
    ('26224983516', '5585456201634', '2025-07-01 16:33:11', 10, '2023-07-01 16:33:11', 1, false, false),
    ('40588729625', '0468488726879', '2025-07-01 16:33:11', 10, '2023-07-01 16:33:11', 1, false, false),
    ('93402924935', '8910378289985', '2025-07-01 16:33:11', 10, '2023-07-01 16:33:11', 1, false, false),
    ('88048344082', '3356058489642', '2025-07-01 16:33:11', 10, '2023-07-01 16:33:11', 1, false, false),
    ('79035123782', '7168300122061', '2025-07-01 16:33:11', 10, '2023-07-01 16:33:11', 1, false, false),
    ('94018697441', '5171360066687', '2025-07-01 16:33:11', 10, '2023-07-01 16:33:11', 1, false, false),
    ('54811275783', '2291938412161', '2025-07-01 16:33:11', 10, '2023-07-01 16:33:11', 1, false, false),
    ('89473573632', '0964655811657', '2025-07-01 16:33:11', 10, '2023-07-01 16:33:11', 1, false, false),
    ('94329664253', '0782761651982', '2025-07-01 16:33:11', 10, '2023-07-01 16:33:11', 1, false, false),
    ('50582374759', '3649107367939', '2025-07-01 16:33:11', 10, '2023-07-01 16:33:11', 1, false, false),
    ('21360593267', '7830807240213', '2025-07-01 16:33:11', 10, '2023-07-01 16:33:11', 1, false, false),
    ('47984271558', '9974605072379', '2025-07-01 16:33:11', 10, '2023-07-01 16:33:11', 1, false, false),
    ('44566579615', '4357210468725', '2025-07-01 16:33:11', 10, '2023-07-01 16:33:11', 1, false, false),
    ('11812795601', '7694667709816', '2025-07-01 16:33:11', 10, '2023-07-01 16:33:11', 1, false, false),
    ('74534173209', '7274200445073', '2025-07-01 16:33:11', 10, '2023-07-01 16:33:11', 1, false, false),
    ('90769751966', '0293064733554', '2025-07-01 16:33:11', 10, '2023-07-01 16:33:11', 1, false, false),
    ('19351499103', '4882583342812', '2025-07-01 16:33:11', 10, '2023-07-01 16:33:11', 1, false, false),
    ('17034603724', '1134426108001', '2025-07-01 16:33:11', 10, '2023-07-01 16:33:11', 1, false, false),
    ('18529426327', '7488064246805', '2025-07-01 16:33:11', 10, '2023-07-01 16:33:11', 1, false, false),
    ('46544956947', '2331648078018', '2025-07-01 16:33:11', 10, '2023-07-01 16:33:11', 1, false, false),
    ('77528676983', '0406170373418', '2025-07-01 16:33:11', 10, '2023-07-01 16:33:11', 1, false, false),
    ('66144456980', '6023840848676', '2025-07-01 16:33:11', 10, '2023-07-01 16:33:11', 1, false, false),
    ('07599379947', '6513999099805', '2025-07-01 16:33:11', 10, '2023-07-01 16:33:11', 1, false, false),
    ('80999254335', '3175690893043', '2025-07-01 16:33:11', 11, '2023-07-01 16:33:11', 1, false, false),
    ('43091620759', '1749849239046', '2025-07-01 16:33:11', 11, '2023-07-01 16:33:11', 1, false, false),
    ('82132739879', '9618754265393', '2025-07-01 16:33:11', 11, '2023-07-01 16:33:11', 1, false, false),
    ('68718361721', '0446844811917', '2025-07-01 16:33:11', 11, '2023-07-01 16:33:11', 1, false, false),
    ('43227815750', '5851369392788', '2025-07-01 16:33:11', 11, '2023-07-01 16:33:11', 1, false, false),
    ('90278442843', '0390371211645', '2025-07-01 16:33:11', 11, '2023-07-01 16:33:11', 1, false, false),
    ('89402206987', '0528830912450', '2025-07-01 16:33:11', 11, '2023-07-01 16:33:11', 1, false, false),
    ('28092284119', '3851782843347', '2025-07-01 16:33:11', 11, '2023-07-01 16:33:11', 1, false, false),
    ('13857020007', '6600172937702', '2025-07-01 16:33:11', 11, '2023-07-01 16:33:11', 1, false, false),
    ('01932142230', '7495798556380', '2025-07-01 16:33:11', 11, '2023-07-01 16:33:11', 1, false, false),
    ('48343858799', '4085791230709', '2025-07-01 16:33:11', 11, '2023-07-01 16:33:11', 1, false, false),
    ('00180193647', '3678936894080', '2025-07-01 16:33:11', 11, '2023-07-01 16:33:11', 1, false, false),
    ('25284464353', '0786867138380', '2025-07-01 16:33:11', 11, '2023-07-01 16:33:11', 1, false, false),
    ('04142650284', '8318699013787', '2025-07-01 16:33:11', 11, '2023-07-01 16:33:11', 1, false, false),
    ('65097752403', '5386725599286', '2025-07-01 16:33:11', 11, '2023-07-01 16:33:11', 1, false, false),
    ('57534571900', '3477109589537', '2025-07-01 16:33:11', 11, '2023-07-01 16:33:11', 1, false, false),
    ('08142240598', '6411091518814', '2025-07-01 16:33:11', 11, '2023-07-01 16:33:11', 1, false, false),
    ('84818045216', '9869173587799', '2025-07-01 16:33:11', 11, '2023-07-01 16:33:11', 1, false, false),
    ('97986445743', '6826471545156', '2025-07-01 16:33:11', 11, '2023-07-01 16:33:11', 1, false, false),
    ('44213894951', '7075200161995', '2025-07-01 16:33:11', 11, '2023-07-01 16:33:11', 1, false, false),
    ('52583409057', '1641415152032', '2025-07-01 16:33:11', 11, '2023-07-01 16:33:11', 1, false, false),
    ('79804181935', '5178844359538', '2025-07-01 16:33:11', 11, '2023-07-01 16:33:11', 1, false, false),
    ('93522841646', '5315485485093', '2025-07-01 16:33:11', 11, '2023-07-01 16:33:11', 1, false, false),
    ('25997016901', '9814988923817', '2025-07-01 16:33:11', 11, '2023-07-01 16:33:11', 1, false, false),
    ('59651179255', '6127530801626', '2025-07-01 16:33:11', 11, '2023-07-01 16:33:11', 1, false, false),
    ('34615445749', '4275377587942', '2025-07-01 16:33:11', 11, '2023-07-01 16:33:11', 1, false, false),
    ('20033665965', '3327324957252', '2025-07-01 16:33:11', 11, '2023-07-01 16:33:11', 1, false, false),
    ('43051608584', '1134492110511', '2025-07-01 16:33:11', 11, '2023-07-01 16:33:11', 1, false, false),
    ('02159495356', '9252011563875', '2025-07-01 16:33:11', 11, '2023-07-01 16:33:11', 1, false, false),
    ('74026575431', '1731047076775', '2025-07-01 16:33:11', 11, '2023-07-01 16:33:11', 1, false, false),
    ('15704046154', '1949167239812', '2025-07-01 16:33:11', 11, '2023-07-01 16:33:11', 1, false, false),
    ('60053790164', '9023525542472', '2025-07-01 16:33:11', 11, '2023-07-01 16:33:11', 1, false, false),
    ('10220636958', '0816597878482', '2025-07-01 16:33:11', 11, '2023-07-01 16:33:11', 1, false, false),
    ('85799171527', '9151118764876', '2025-07-01 16:33:11', 11, '2023-07-01 16:33:11', 1, false, false),
    ('62646230281', '7456889921440', '2025-07-01 16:33:11', 11, '2023-07-01 16:33:11', 1, false, false),
    ('27891756520', '5236813476879', '2025-07-01 16:33:11', 11, '2023-07-01 16:33:11', 1, false, false),
    ('51305545109', '3242509285979', '2025-07-01 16:33:11', 11, '2023-07-01 16:33:11', 1, false, false),
    ('06757161967', '1119457369190', '2025-07-01 16:33:11', 11, '2023-07-01 16:33:11', 1, false, false),
    ('78759037439', '9238708196925', '2025-07-01 16:33:11', 11, '2023-07-01 16:33:11', 1, false, false),
    ('12535802166', '8786079489293', '2025-07-01 16:33:11', 11, '2023-07-01 16:33:11', 1, false, false),
    ('48627190687', '0291980435663', '2025-07-01 16:33:11', 11, '2023-07-01 16:33:11', 1, false, false),
    ('88180689236', '1806781022317', '2025-07-01 16:33:11', 11, '2023-07-01 16:33:11', 1, false, false),
    ('20590023023', '7616004336525', '2025-07-01 16:33:11', 11, '2023-07-01 16:33:11', 1, false, false),
    ('96926631753', '0665342095289', '2025-07-01 16:33:11', 11, '2023-07-01 16:33:11', 1, false, false),
    ('81888956590', '6807324655232', '2025-07-01 16:33:11', 11, '2023-07-01 16:33:11', 1, false, false),
    ('92980732394', '1904931553005', '2025-07-01 16:33:11', 11, '2023-07-01 16:33:11', 1, false, false),
    ('79710133017', '1436829982014', '2025-07-01 16:33:11', 11, '2023-07-01 16:33:11', 1, false, false),
    ('77612834271', '2871510237938', '2025-07-01 16:33:11', 11, '2023-07-01 16:33:11', 1, false, false),
    ('72740703087', '1283392316308', '2025-07-01 16:33:11', 11, '2023-07-01 16:33:11', 1, false, false),
    ('26303711060', '1170374198633', '2025-07-01 16:33:11', 11, '2023-07-01 16:33:11', 1, false, false),
    ('26642805905', '7379351304311', '2025-07-01 16:33:11', 12, '2023-07-01 16:33:11', 1, false, false),
    ('51141836071', '6066468468495', '2025-07-01 16:33:11', 12, '2023-07-01 16:33:11', 1, false, false),
    ('98296523137', '4243101716260', '2025-07-01 16:33:11', 12, '2023-07-01 16:33:11', 1, false, false),
    ('39951608579', '1304308499729', '2025-07-01 16:33:11', 12, '2023-07-01 16:33:11', 1, false, false),
    ('21851797531', '9299290876222', '2025-07-01 16:33:11', 12, '2023-07-01 16:33:11', 1, false, false),
    ('11886270048', '0308399938433', '2025-07-01 16:33:11', 12, '2023-07-01 16:33:11', 1, false, false),
    ('91616379872', '0582612313379', '2025-07-01 16:33:11', 12, '2023-07-01 16:33:11', 1, false, false),
    ('99573883300', '8639107674208', '2025-07-01 16:33:11', 12, '2023-07-01 16:33:11', 1, false, false),
    ('98465408424', '8747107501264', '2025-07-01 16:33:11', 12, '2023-07-01 16:33:11', 1, false, false),
    ('00776583211', '1281626833757', '2025-07-01 16:33:11', 12, '2023-07-01 16:33:11', 1, false, false),
    ('29675781572', '6594986072761', '2025-07-01 16:33:11', 12, '2023-07-01 16:33:11', 1, false, false),
    ('59430296879', '7360037208780', '2025-07-01 16:33:11', 12, '2023-07-01 16:33:11', 1, false, false),
    ('87270973073', '6838920003856', '2025-07-01 16:33:11', 12, '2023-07-01 16:33:11', 1, false, false),
    ('72825156575', '8872458446790', '2025-07-01 16:33:11', 12, '2023-07-01 16:33:11', 1, false, false),
    ('93191639175', '0889137757352', '2025-07-01 16:33:11', 12, '2023-07-01 16:33:11', 1, false, false),
    ('34349603471', '6847653753970', '2025-07-01 16:33:11', 12, '2023-07-01 16:33:11', 1, false, false),
    ('79094995697', '6588891787987', '2025-07-01 16:33:11', 12, '2023-07-01 16:33:11', 1, false, false),
    ('13156062272', '5282079786279', '2025-07-01 16:33:11', 12, '2023-07-01 16:33:11', 1, false, false),
    ('68218894089', '2355313016758', '2025-07-01 16:33:11', 12, '2023-07-01 16:33:11', 1, false, false),
    ('86646964525', '2231832753349', '2025-07-01 16:33:11', 12, '2023-07-01 16:33:11', 1, false, false),
    ('08843312872', '8791429621212', '2025-07-01 16:33:11', 12, '2023-07-01 16:33:11', 1, false, false),
    ('50713947246', '7059999405027', '2025-07-01 16:33:11', 12, '2023-07-01 16:33:11', 1, false, false),
    ('85549030431', '8753721470583', '2025-07-01 16:33:11', 12, '2023-07-01 16:33:11', 1, false, false),
    ('36458776898', '5086306443683', '2025-07-01 16:33:11', 12, '2023-07-01 16:33:11', 1, false, false),
    ('01246378784', '0746283254073', '2025-07-01 16:33:11', 12, '2023-07-01 16:33:11', 1, false, false),
    ('73364127988', '9003867789144', '2025-07-01 16:33:11', 12, '2023-07-01 16:33:11', 1, false, false),
    ('81409325535', '1280763289247', '2025-07-01 16:33:11', 12, '2023-07-01 16:33:11', 1, false, false),
    ('29018540997', '2470105095290', '2025-07-01 16:33:11', 12, '2023-07-01 16:33:11', 1, false, false),
    ('15475442936', '0100090350511', '2025-07-01 16:33:11', 12, '2023-07-01 16:33:11', 1, false, false),
    ('31070894093', '1894002178308', '2025-07-01 16:33:11', 12, '2023-07-01 16:33:11', 1, false, false),
    ('83161567453', '9324287589879', '2025-07-01 16:33:11', 12, '2023-07-01 16:33:11', 1, false, false),
    ('89659279318', '6852944651946', '2025-07-01 16:33:11', 12, '2023-07-01 16:33:11', 1, false, false),
    ('37948181772', '6954706390961', '2025-07-01 16:33:11', 12, '2023-07-01 16:33:11', 1, false, false),
    ('36552139939', '2045317399120', '2025-07-01 16:33:11', 12, '2023-07-01 16:33:11', 1, false, false),
    ('70688026896', '5871197036430', '2025-07-01 16:33:11', 12, '2023-07-01 16:33:11', 1, false, false),
    ('01322392468', '4079613929687', '2025-07-01 16:33:11', 12, '2023-07-01 16:33:11', 1, false, false),
    ('88178032938', '7879830670943', '2025-07-01 16:33:11', 12, '2023-07-01 16:33:11', 1, false, false),
    ('45868104772', '9867324642539', '2025-07-01 16:33:11', 12, '2023-07-01 16:33:11', 1, false, false),
    ('47651366001', '0800291290794', '2025-07-01 16:33:11', 12, '2023-07-01 16:33:11', 1, false, false),
    ('54081079649', '8074602590298', '2025-07-01 16:33:11', 12, '2023-07-01 16:33:11', 1, false, false),
    ('75145375532', '0110909670717', '2025-07-01 16:33:11', 12, '2023-07-01 16:33:11', 1, false, false),
    ('01218882982', '6915430488970', '2025-07-01 16:33:11', 12, '2023-07-01 16:33:11', 1, false, false),
    ('33467379326', '6173602292975', '2025-07-01 16:33:11', 12, '2023-07-01 16:33:11', 1, false, false),
    ('53755550675', '0711564443123', '2025-07-01 16:33:11', 12, '2023-07-01 16:33:11', 1, false, false),
    ('49987852947', '6351198747613', '2025-07-01 16:33:11', 12, '2023-07-01 16:33:11', 1, false, false),
    ('24209568810', '4726759485686', '2025-07-01 16:33:11', 12, '2023-07-01 16:33:11', 1, false, false),
    ('53834597964', '1913057273980', '2025-07-01 16:33:11', 12, '2023-07-01 16:33:11', 1, false, false),
    ('88825898376', '4302632301545', '2025-07-01 16:33:11', 12, '2023-07-01 16:33:11', 1, false, false),
    ('53693769980', '8561661224244', '2025-07-01 16:33:11', 12, '2023-07-01 16:33:11', 1, false, false),
    ('81745342670', '7825693985276', '2025-07-01 16:33:11', 12, '2023-07-01 16:33:11', 1, false, false),
    ('17445086721', '5858362586789', '2025-07-01 16:33:11', 13, '2023-07-01 16:33:11', 1, false, false),
    ('23702920460', '8415179831955', '2025-07-01 16:33:11', 13, '2023-07-01 16:33:11', 1, false, false),
    ('06698068184', '2896412178045', '2025-07-01 16:33:11', 13, '2023-07-01 16:33:11', 1, false, false),
    ('24988547722', '2448313118176', '2025-07-01 16:33:11', 13, '2023-07-01 16:33:11', 1, false, false),
    ('93772637388', '3097766175249', '2025-07-01 16:33:11', 13, '2023-07-01 16:33:11', 1, false, false),
    ('36649639289', '3403896826969', '2025-07-01 16:33:11', 13, '2023-07-01 16:33:11', 1, false, false),
    ('06069819346', '5285537040856', '2025-07-01 16:33:11', 13, '2023-07-01 16:33:11', 1, false, false),
    ('87277994786', '1647917780705', '2025-07-01 16:33:11', 13, '2023-07-01 16:33:11', 1, false, false),
    ('83918458310', '7905500451781', '2025-07-01 16:33:11', 13, '2023-07-01 16:33:11', 1, false, false),
    ('82425695101', '2665154743715', '2025-07-01 16:33:11', 13, '2023-07-01 16:33:11', 1, false, false),
    ('73243589849', '2043730793788', '2025-07-01 16:33:11', 13, '2023-07-01 16:33:11', 1, false, false),
    ('94169160982', '2191542378874', '2025-07-01 16:33:11', 13, '2023-07-01 16:33:11', 1, false, false),
    ('96233489894', '0800724204090', '2025-07-01 16:33:11', 13, '2023-07-01 16:33:11', 1, false, false),
    ('68234209630', '7975111827440', '2025-07-01 16:33:11', 13, '2023-07-01 16:33:11', 1, false, false),
    ('73438175152', '4312231624307', '2025-07-01 16:33:11', 13, '2023-07-01 16:33:11', 1, false, false),
    ('55707429213', '6376827160020', '2025-07-01 16:33:11', 13, '2023-07-01 16:33:11', 1, false, false),
    ('54507442335', '5662185021817', '2025-07-01 16:33:11', 13, '2023-07-01 16:33:11', 1, false, false),
    ('35328778163', '2566688324829', '2025-07-01 16:33:11', 13, '2023-07-01 16:33:11', 1, false, false),
    ('07905912987', '4831940434324', '2025-07-01 16:33:11', 13, '2023-07-01 16:33:11', 1, false, false),
    ('22982981557', '2949805216409', '2025-07-01 16:33:11', 13, '2023-07-01 16:33:11', 1, false, false),
    ('03541156131', '5077580006798', '2025-07-01 16:33:11', 13, '2023-07-01 16:33:11', 1, false, false),
    ('72182122704', '5564548097726', '2025-07-01 16:33:11', 13, '2023-07-01 16:33:11', 1, false, false),
    ('48155574899', '0828291032697', '2025-07-01 16:33:11', 13, '2023-07-01 16:33:11', 1, false, false),
    ('01123068465', '1114172053864', '2025-07-01 16:33:11', 13, '2023-07-01 16:33:11', 1, false, false),
    ('02617946072', '2384282583698', '2025-07-01 16:33:11', 13, '2023-07-01 16:33:11', 1, false, false),
    ('78675314328', '1947866635206', '2025-07-01 16:33:11', 13, '2023-07-01 16:33:11', 1, false, false),
    ('62125417694', '0451962465685', '2025-07-01 16:33:11', 13, '2023-07-01 16:33:11', 1, false, false),
    ('84214605211', '0788488270652', '2025-07-01 16:33:11', 13, '2023-07-01 16:33:11', 1, false, false),
    ('10847369620', '2790825186901', '2025-07-01 16:33:11', 13, '2023-07-01 16:33:11', 1, false, false),
    ('09679099671', '6399376864040', '2025-07-01 16:33:11', 13, '2023-07-01 16:33:11', 1, false, false),
    ('34123760384', '3250897077401', '2025-07-01 16:33:11', 13, '2023-07-01 16:33:11', 1, false, false),
    ('02719290101', '5469581005661', '2025-07-01 16:33:11', 13, '2023-07-01 16:33:11', 1, false, false),
    ('17236116408', '5643717933427', '2025-07-01 16:33:11', 13, '2023-07-01 16:33:11', 1, false, false),
    ('48065347770', '8137477231891', '2025-07-01 16:33:11', 13, '2023-07-01 16:33:11', 1, false, false),
    ('57303385986', '1913587504682', '2025-07-01 16:33:11', 13, '2023-07-01 16:33:11', 1, false, false),
    ('12932075970', '8976810899708', '2025-07-01 16:33:11', 13, '2023-07-01 16:33:11', 1, false, false),
    ('21664315899', '6303994516102', '2025-07-01 16:33:11', 13, '2023-07-01 16:33:11', 1, false, false),
    ('90318890714', '8297704668073', '2025-07-01 16:33:11', 13, '2023-07-01 16:33:11', 1, false, false),
    ('47212327081', '6531497014443', '2025-07-01 16:33:11', 13, '2023-07-01 16:33:11', 1, false, false),
    ('24276150421', '0423630484566', '2025-07-01 16:33:11', 13, '2023-07-01 16:33:11', 1, false, false),
    ('99430177478', '2573750148523', '2025-07-01 16:33:11', 13, '2023-07-01 16:33:11', 1, false, false),
    ('42078863521', '6705879178045', '2025-07-01 16:33:11', 13, '2023-07-01 16:33:11', 1, false, false),
    ('03986962459', '7575476658849', '2025-07-01 16:33:11', 13, '2023-07-01 16:33:11', 1, false, false),
    ('85844285469', '9987728151068', '2025-07-01 16:33:11', 13, '2023-07-01 16:33:11', 1, false, false),
    ('55190629394', '3211887934338', '2025-07-01 16:33:11', 13, '2023-07-01 16:33:11', 1, false, false),
    ('12417429266', '2702177044741', '2025-07-01 16:33:11', 13, '2023-07-01 16:33:11', 1, false, false),
    ('08563624068', '3113648571488', '2025-07-01 16:33:11', 13, '2023-07-01 16:33:11', 1, false, false),
    ('41721537966', '1446198434979', '2025-07-01 16:33:11', 13, '2023-07-01 16:33:11', 1, false, false),
    ('30930987254', '9216777524434', '2025-07-01 16:33:11', 13, '2023-07-01 16:33:11', 1, false, false),
    ('23141938407', '8957072101790', '2025-07-01 16:33:11', 13, '2023-07-01 16:33:11', 1, false, false),
    ('71525763112', '5142066970825', '2025-07-01 16:33:11', 14, '2023-07-01 16:33:11', 1, false, false),
    ('97071155242', '4619405178744', '2025-07-01 16:33:11', 14, '2023-07-01 16:33:11', 1, false, false),
    ('76469818334', '0490903120523', '2025-07-01 16:33:11', 14, '2023-07-01 16:33:11', 1, false, false),
    ('95147277925', '6055890246023', '2025-07-01 16:33:11', 14, '2023-07-01 16:33:11', 1, false, false),
    ('69274193389', '2288925244864', '2025-07-01 16:33:11', 14, '2023-07-01 16:33:11', 1, false, false),
    ('62166152599', '2799605633400', '2025-07-01 16:33:11', 14, '2023-07-01 16:33:11', 1, false, false),
    ('56112615514', '0585513386276', '2025-07-01 16:33:11', 14, '2023-07-01 16:33:11', 1, false, false),
    ('42502659785', '0523119173136', '2025-07-01 16:33:11', 14, '2023-07-01 16:33:11', 1, false, false),
    ('58923257576', '9640115914926', '2025-07-01 16:33:11', 14, '2023-07-01 16:33:11', 1, false, false),
    ('46744839817', '7287950085264', '2025-07-01 16:33:11', 14, '2023-07-01 16:33:11', 1, false, false),
    ('44604731388', '1033061519272', '2025-07-01 16:33:11', 14, '2023-07-01 16:33:11', 1, false, false),
    ('42903848458', '4704707600481', '2025-07-01 16:33:11', 14, '2023-07-01 16:33:11', 1, false, false),
    ('75658934354', '9625696557396', '2025-07-01 16:33:11', 14, '2023-07-01 16:33:11', 1, false, false),
    ('31303937946', '7678436125711', '2025-07-01 16:33:11', 14, '2023-07-01 16:33:11', 1, false, false),
    ('47408891959', '7299002343923', '2025-07-01 16:33:11', 14, '2023-07-01 16:33:11', 1, false, false),
    ('70918600251', '6682903240873', '2025-07-01 16:33:11', 14, '2023-07-01 16:33:11', 1, false, false),
    ('24660158800', '3559406340158', '2025-07-01 16:33:11', 14, '2023-07-01 16:33:11', 1, false, false),
    ('51275601855', '4455455788777', '2025-07-01 16:33:11', 14, '2023-07-01 16:33:11', 1, false, false),
    ('83334255998', '1074781404163', '2025-07-01 16:33:11', 14, '2023-07-01 16:33:11', 1, false, false),
    ('96947603845', '9702706642463', '2025-07-01 16:33:11', 14, '2023-07-01 16:33:11', 1, false, false),
    ('43567104543', '9051377555431', '2025-07-01 16:33:11', 14, '2023-07-01 16:33:11', 1, false, false),
    ('09784439917', '6782738991860', '2025-07-01 16:33:11', 14, '2023-07-01 16:33:11', 1, false, false),
    ('43959331058', '9647756048918', '2025-07-01 16:33:11', 14, '2023-07-01 16:33:11', 1, false, false),
    ('65828978667', '0319230781966', '2025-07-01 16:33:11', 14, '2023-07-01 16:33:11', 1, false, false),
    ('22157683255', '8637799648031', '2025-07-01 16:33:11', 14, '2023-07-01 16:33:11', 1, false, false),
    ('65564542478', '9668828857201', '2025-07-01 16:33:11', 14, '2023-07-01 16:33:11', 1, false, false),
    ('46841591053', '0607012356933', '2025-07-01 16:33:11', 14, '2023-07-01 16:33:11', 1, false, false),
    ('86772453805', '1559991543564', '2025-07-01 16:33:11', 14, '2023-07-01 16:33:11', 1, false, false),
    ('58974824315', '6018965494795', '2025-07-01 16:33:11', 14, '2023-07-01 16:33:11', 1, false, false),
    ('63738846904', '5765140861325', '2025-07-01 16:33:11', 14, '2023-07-01 16:33:11', 1, false, false),
    ('69569509370', '0709616336454', '2025-07-01 16:33:11', 14, '2023-07-01 16:33:11', 1, false, false),
    ('09538395423', '9212712045954', '2025-07-01 16:33:11', 14, '2023-07-01 16:33:11', 1, false, false),
    ('61891070697', '9978206617497', '2025-07-01 16:33:11', 14, '2023-07-01 16:33:11', 1, false, false),
    ('84597764502', '7041079494797', '2025-07-01 16:33:11', 14, '2023-07-01 16:33:11', 1, false, false),
    ('73858930497', '3069330108964', '2025-07-01 16:33:11', 14, '2023-07-01 16:33:11', 1, false, false),
    ('81270160943', '8646724105359', '2025-07-01 16:33:11', 14, '2023-07-01 16:33:11', 1, false, false),
    ('10640871732', '1708404230598', '2025-07-01 16:33:11', 14, '2023-07-01 16:33:11', 1, false, false),
    ('59516653586', '3464506045085', '2025-07-01 16:33:11', 14, '2023-07-01 16:33:11', 1, false, false),
    ('36475161285', '5145964789100', '2025-07-01 16:33:11', 14, '2023-07-01 16:33:11', 1, false, false),
    ('89364476022', '5126619674271', '2025-07-01 16:33:11', 14, '2023-07-01 16:33:11', 1, false, false),
    ('30045024054', '5765859288434', '2025-07-01 16:33:11', 14, '2023-07-01 16:33:11', 1, false, false),
    ('82402508370', '0207481990220', '2025-07-01 16:33:11', 14, '2023-07-01 16:33:11', 1, false, false),
    ('36272243963', '8688288798683', '2025-07-01 16:33:11', 14, '2023-07-01 16:33:11', 1, false, false),
    ('88369539446', '1381168319799', '2025-07-01 16:33:11', 14, '2023-07-01 16:33:11', 1, false, false),
    ('44088993801', '6715167013176', '2025-07-01 16:33:11', 14, '2023-07-01 16:33:11', 1, false, false),
    ('31396087742', '3416730736141', '2025-07-01 16:33:11', 14, '2023-07-01 16:33:11', 1, false, false),
    ('11505662989', '1914999202072', '2025-07-01 16:33:11', 14, '2023-07-01 16:33:11', 1, false, false),
    ('37561189384', '6534633638731', '2025-07-01 16:33:11', 14, '2023-07-01 16:33:11', 1, false, false),
    ('23806747564', '2537238176378', '2025-07-01 16:33:11', 14, '2023-07-01 16:33:11', 1, false, false),
    ('71936861304', '1937676678107', '2025-07-01 16:33:11', 14, '2023-07-01 16:33:11', 1, false, false),
    ('29027961763', '8314052251187', '2025-07-01 16:33:11', 15, '2023-07-01 16:33:11', 1, false, false),
    ('43464668667', '7347000337759', '2025-07-01 16:33:11', 15, '2023-07-01 16:33:11', 1, false, false),
    ('34714491870', '9360983717482', '2025-07-01 16:33:11', 15, '2023-07-01 16:33:11', 1, false, false),
    ('41286173297', '7637285134376', '2025-07-01 16:33:11', 15, '2023-07-01 16:33:11', 1, false, false),
    ('95954538290', '4027391130611', '2025-07-01 16:33:11', 15, '2023-07-01 16:33:11', 1, false, false),
    ('60763599082', '8479758938318', '2025-07-01 16:33:11', 15, '2023-07-01 16:33:11', 1, false, false),
    ('45014962214', '3003928799997', '2025-07-01 16:33:11', 15, '2023-07-01 16:33:11', 1, false, false),
    ('35461442818', '9018847484784', '2025-07-01 16:33:11', 15, '2023-07-01 16:33:11', 1, false, false),
    ('00585058672', '9611165460831', '2025-07-01 16:33:11', 15, '2023-07-01 16:33:11', 1, false, false),
    ('24435312363', '9497853126224', '2025-07-01 16:33:11', 15, '2023-07-01 16:33:11', 1, false, false),
    ('10518302741', '7725302183110', '2025-07-01 16:33:11', 15, '2023-07-01 16:33:11', 1, false, false),
    ('48631794467', '4160226852553', '2025-07-01 16:33:11', 15, '2023-07-01 16:33:11', 1, false, false),
    ('92862015347', '2527758468109', '2025-07-01 16:33:11', 15, '2023-07-01 16:33:11', 1, false, false),
    ('28756040095', '4671256312209', '2025-07-01 16:33:11', 15, '2023-07-01 16:33:11', 1, false, false),
    ('39205729883', '4107433165281', '2025-07-01 16:33:11', 15, '2023-07-01 16:33:11', 1, false, false),
    ('69201931863', '0728181603040', '2025-07-01 16:33:11', 15, '2023-07-01 16:33:11', 1, false, false),
    ('65033156886', '8122595497826', '2025-07-01 16:33:11', 15, '2023-07-01 16:33:11', 1, false, false),
    ('93750733931', '9505352421107', '2025-07-01 16:33:11', 15, '2023-07-01 16:33:11', 1, false, false),
    ('00437706043', '4359366576205', '2025-07-01 16:33:11', 15, '2023-07-01 16:33:11', 1, false, false),
    ('76580880610', '8989907294909', '2025-07-01 16:33:11', 15, '2023-07-01 16:33:11', 1, false, false),
    ('95115613043', '2445305751895', '2025-07-01 16:33:11', 15, '2023-07-01 16:33:11', 1, false, false),
    ('11254296139', '5346895224954', '2025-07-01 16:33:11', 15, '2023-07-01 16:33:11', 1, false, false),
    ('10657658007', '4203467679433', '2025-07-01 16:33:11', 15, '2023-07-01 16:33:11', 1, false, false),
    ('89540635846', '3752208154148', '2025-07-01 16:33:11', 15, '2023-07-01 16:33:11', 1, false, false),
    ('21600399303', '0517816707846', '2025-07-01 16:33:11', 15, '2023-07-01 16:33:11', 1, false, false),
    ('21968501864', '3906733521035', '2025-07-01 16:33:11', 15, '2023-07-01 16:33:11', 1, false, false),
    ('04965199368', '6333710046099', '2025-07-01 16:33:11', 15, '2023-07-01 16:33:11', 1, false, false),
    ('75958925545', '2264494501187', '2025-07-01 16:33:11', 15, '2023-07-01 16:33:11', 1, false, false),
    ('48985845854', '2131093355917', '2025-07-01 16:33:11', 15, '2023-07-01 16:33:11', 1, false, false),
    ('82035634130', '9055117822093', '2025-07-01 16:33:11', 15, '2023-07-01 16:33:11', 1, false, false),
    ('55531614364', '6788205943401', '2025-07-01 16:33:11', 15, '2023-07-01 16:33:11', 1, false, false),
    ('70970579865', '9009603587516', '2025-07-01 16:33:11', 15, '2023-07-01 16:33:11', 1, false, false),
    ('94441954634', '8439021997033', '2025-07-01 16:33:11', 15, '2023-07-01 16:33:11', 1, false, false),
    ('69495526478', '2281967970849', '2025-07-01 16:33:11', 15, '2023-07-01 16:33:11', 1, false, false),
    ('86815979578', '8227286325041', '2025-07-01 16:33:11', 15, '2023-07-01 16:33:11', 1, false, false),
    ('55682622968', '4533279928300', '2025-07-01 16:33:11', 15, '2023-07-01 16:33:11', 1, false, false),
    ('83194586933', '7252628367174', '2025-07-01 16:33:11', 15, '2023-07-01 16:33:11', 1, false, false),
    ('99512979390', '1722242333074', '2025-07-01 16:33:11', 15, '2023-07-01 16:33:11', 1, false, false),
    ('23876486576', '9138413689796', '2025-07-01 16:33:11', 15, '2023-07-01 16:33:11', 1, false, false),
    ('01687710095', '1686174045745', '2025-07-01 16:33:11', 15, '2023-07-01 16:33:11', 1, false, false),
    ('77653431488', '9959124220973', '2025-07-01 16:33:11', 15, '2023-07-01 16:33:11', 1, false, false),
    ('14696064605', '1495303068257', '2025-07-01 16:33:11', 15, '2023-07-01 16:33:11', 1, false, false),
    ('51437795484', '2925309091954', '2025-07-01 16:33:11', 15, '2023-07-01 16:33:11', 1, false, false),
    ('02182847921', '8614198217713', '2025-07-01 16:33:11', 15, '2023-07-01 16:33:11', 1, false, false),
    ('46394250771', '4237458358291', '2025-07-01 16:33:11', 15, '2023-07-01 16:33:11', 1, false, false),
    ('08386125920', '4320501501011', '2025-07-01 16:33:11', 15, '2023-07-01 16:33:11', 1, false, false),
    ('33622443639', '2552823348102', '2025-07-01 16:33:11', 15, '2023-07-01 16:33:11', 1, false, false),
    ('46956756501', '7258187917445', '2025-07-01 16:33:11', 15, '2023-07-01 16:33:11', 1, false, false),
    ('01788708742', '2081094884920', '2025-07-01 16:33:11', 15, '2023-07-01 16:33:11', 1, false, false),
    ('34658161683', '1091449891786', '2025-07-01 16:33:11', 15, '2023-07-01 16:33:11', 1, false, false),
    ('73339245092', '7252200893544', '2025-07-01 16:33:11', 16, '2023-07-01 16:33:11', 1, false, false),
    ('14080085235', '7058953150820', '2025-07-01 16:33:11', 16, '2023-07-01 16:33:11', 1, false, false),
    ('47225662935', '8315598006541', '2025-07-01 16:33:11', 16, '2023-07-01 16:33:11', 1, false, false),
    ('83143196549', '4235966840591', '2025-07-01 16:33:11', 16, '2023-07-01 16:33:11', 1, false, false),
    ('70113553948', '8574556039201', '2025-07-01 16:33:11', 16, '2023-07-01 16:33:11', 1, false, false),
    ('32352319329', '0552504038056', '2025-07-01 16:33:11', 16, '2023-07-01 16:33:11', 1, false, false),
    ('86912373282', '0089558479157', '2025-07-01 16:33:11', 16, '2023-07-01 16:33:11', 1, false, false),
    ('57911983486', '3987858098375', '2025-07-01 16:33:11', 16, '2023-07-01 16:33:11', 1, false, false),
    ('46287809360', '8471514144293', '2025-07-01 16:33:11', 16, '2023-07-01 16:33:11', 1, false, false),
    ('23609464681', '9585149176033', '2025-07-01 16:33:11', 16, '2023-07-01 16:33:11', 1, false, false),
    ('60006994913', '0711761070078', '2025-07-01 16:33:11', 16, '2023-07-01 16:33:11', 1, false, false),
    ('17914792294', '8403950536614', '2025-07-01 16:33:11', 16, '2023-07-01 16:33:11', 1, false, false),
    ('73621428218', '1767418622974', '2025-07-01 16:33:11', 16, '2023-07-01 16:33:11', 1, false, false),
    ('35790821930', '8334642850851', '2025-07-01 16:33:11', 16, '2023-07-01 16:33:11', 1, false, false),
    ('70604972124', '6583615059669', '2025-07-01 16:33:11', 16, '2023-07-01 16:33:11', 1, false, false),
    ('91446491505', '9054954288532', '2025-07-01 16:33:11', 16, '2023-07-01 16:33:11', 1, false, false),
    ('46479676069', '6537989340907', '2025-07-01 16:33:11', 16, '2023-07-01 16:33:11', 1, false, false),
    ('61476819578', '4563781907374', '2025-07-01 16:33:11', 16, '2023-07-01 16:33:11', 1, false, false),
    ('46699501134', '2604145088973', '2025-07-01 16:33:11', 16, '2023-07-01 16:33:11', 1, false, false),
    ('90212482465', '1353009656370', '2025-07-01 16:33:11', 16, '2023-07-01 16:33:11', 1, false, false),
    ('40781800473', '6461756563416', '2025-07-01 16:33:11', 16, '2023-07-01 16:33:11', 1, false, false),
    ('31114426651', '4851623770932', '2025-07-01 16:33:11', 16, '2023-07-01 16:33:11', 1, false, false),
    ('89984918365', '4706190459339', '2025-07-01 16:33:11', 16, '2023-07-01 16:33:11', 1, false, false),
    ('92669763497', '6577024942414', '2025-07-01 16:33:11', 16, '2023-07-01 16:33:11', 1, false, false),
    ('28028132553', '6604887689242', '2025-07-01 16:33:11', 16, '2023-07-01 16:33:11', 1, false, false),
    ('47483248484', '7189615109926', '2025-07-01 16:33:11', 16, '2023-07-01 16:33:11', 1, false, false),
    ('03055170239', '7017219433116', '2025-07-01 16:33:11', 16, '2023-07-01 16:33:11', 1, false, false),
    ('93788745771', '0979720327814', '2025-07-01 16:33:11', 16, '2023-07-01 16:33:11', 1, false, false),
    ('97543522761', '7520917798780', '2025-07-01 16:33:11', 16, '2023-07-01 16:33:11', 1, false, false),
    ('67459691729', '7695560772514', '2025-07-01 16:33:11', 16, '2023-07-01 16:33:11', 1, false, false),
    ('51388834353', '2922084078101', '2025-07-01 16:33:11', 16, '2023-07-01 16:33:11', 1, false, false),
    ('05400201912', '3618866099413', '2025-07-01 16:33:11', 16, '2023-07-01 16:33:11', 1, false, false),
    ('04877867765', '0641693965195', '2025-07-01 16:33:11', 16, '2023-07-01 16:33:11', 1, false, false),
    ('02234930557', '2028390304059', '2025-07-01 16:33:11', 16, '2023-07-01 16:33:11', 1, false, false),
    ('25575357012', '7753262909992', '2025-07-01 16:33:11', 16, '2023-07-01 16:33:11', 1, false, false),
    ('38814793465', '5198518045416', '2025-07-01 16:33:11', 16, '2023-07-01 16:33:11', 1, false, false),
    ('78474331789', '4211837606561', '2025-07-01 16:33:11', 16, '2023-07-01 16:33:11', 1, false, false),
    ('82588599536', '9258818306111', '2025-07-01 16:33:11', 16, '2023-07-01 16:33:11', 1, false, false),
    ('19602027970', '8687542683415', '2025-07-01 16:33:11', 16, '2023-07-01 16:33:11', 1, false, false),
    ('02711745265', '3880787580298', '2025-07-01 16:33:11', 16, '2023-07-01 16:33:11', 1, false, false),
    ('41848180052', '3163463212717', '2025-07-01 16:33:11', 16, '2023-07-01 16:33:11', 1, false, false),
    ('40392947107', '9290340466899', '2025-07-01 16:33:11', 16, '2023-07-01 16:33:11', 1, false, false),
    ('86233635336', '2519401869491', '2025-07-01 16:33:11', 16, '2023-07-01 16:33:11', 1, false, false),
    ('80551907223', '9964083145599', '2025-07-01 16:33:11', 16, '2023-07-01 16:33:11', 1, false, false),
    ('53252560366', '4722142032806', '2025-07-01 16:33:11', 16, '2023-07-01 16:33:11', 1, false, false),
    ('12643130041', '1277892632778', '2025-07-01 16:33:11', 16, '2023-07-01 16:33:11', 1, false, false),
    ('54731183341', '8458663990706', '2025-07-01 16:33:11', 16, '2023-07-01 16:33:11', 1, false, false),
    ('16284952969', '9507239395644', '2025-07-01 16:33:11', 16, '2023-07-01 16:33:11', 1, false, false),
    ('20278067989', '3179039933140', '2025-07-01 16:33:11', 16, '2023-07-01 16:33:11', 1, false, false),
    ('83448736411', '2376810068557', '2025-07-01 16:33:11', 16, '2023-07-01 16:33:11', 1, false, false),
    ('96782366076', '9410661171382', '2025-07-01 16:33:11', 17, '2023-07-01 16:33:11', 1, false, false),
    ('89875430312', '4737740523061', '2025-07-01 16:33:11', 17, '2023-07-01 16:33:11', 1, false, false),
    ('86892724288', '4335725059433', '2025-07-01 16:33:11', 17, '2023-07-01 16:33:11', 1, false, false),
    ('32388073031', '4036019470386', '2025-07-01 16:33:11', 17, '2023-07-01 16:33:11', 1, false, false),
    ('49521679949', '4034395140949', '2025-07-01 16:33:11', 17, '2023-07-01 16:33:11', 1, false, false),
    ('85709804471', '6766470488619', '2025-07-01 16:33:11', 17, '2023-07-01 16:33:11', 1, false, false),
    ('32095832225', '0288561490365', '2025-07-01 16:33:11', 17, '2023-07-01 16:33:11', 1, false, false),
    ('78318642615', '9122894428248', '2025-07-01 16:33:11', 17, '2023-07-01 16:33:11', 1, false, false),
    ('88533916056', '8032383228718', '2025-07-01 16:33:11', 17, '2023-07-01 16:33:11', 1, false, false),
    ('13674491682', '4155471387629', '2025-07-01 16:33:11', 17, '2023-07-01 16:33:11', 1, false, false),
    ('29992824857', '1408259180129', '2025-07-01 16:33:11', 17, '2023-07-01 16:33:11', 1, false, false),
    ('28365241120', '5713403021273', '2025-07-01 16:33:11', 17, '2023-07-01 16:33:11', 1, false, false),
    ('41722063716', '2753874823472', '2025-07-01 16:33:11', 17, '2023-07-01 16:33:11', 1, false, false),
    ('57662054518', '0126687412122', '2025-07-01 16:33:11', 17, '2023-07-01 16:33:11', 1, false, false),
    ('30125687163', '9636129215930', '2025-07-01 16:33:11', 17, '2023-07-01 16:33:11', 1, false, false),
    ('28589318765', '3124803503767', '2025-07-01 16:33:11', 17, '2023-07-01 16:33:11', 1, false, false),
    ('85419235749', '8510887931203', '2025-07-01 16:33:11', 17, '2023-07-01 16:33:11', 1, false, false),
    ('17269036229', '5315350460769', '2025-07-01 16:33:11', 17, '2023-07-01 16:33:11', 1, false, false),
    ('88684496383', '4520139977085', '2025-07-01 16:33:11', 17, '2023-07-01 16:33:11', 1, false, false),
    ('87881629053', '0208598675574', '2025-07-01 16:33:11', 17, '2023-07-01 16:33:11', 1, false, false),
    ('62698255577', '8578016880936', '2025-07-01 16:33:11', 17, '2023-07-01 16:33:11', 1, false, false),
    ('29787203528', '9183183650673', '2025-07-01 16:33:11', 17, '2023-07-01 16:33:11', 1, false, false),
    ('54454209019', '1223011836149', '2025-07-01 16:33:11', 17, '2023-07-01 16:33:11', 1, false, false),
    ('36014074579', '7440075143377', '2025-07-01 16:33:11', 17, '2023-07-01 16:33:11', 1, false, false),
    ('66122130804', '9703935368320', '2025-07-01 16:33:11', 17, '2023-07-01 16:33:11', 1, false, false),
    ('33611035705', '8207756915558', '2025-07-01 16:33:11', 17, '2023-07-01 16:33:11', 1, false, false),
    ('76918577516', '2027082545417', '2025-07-01 16:33:11', 17, '2023-07-01 16:33:11', 1, false, false),
    ('67656684342', '9971817993528', '2025-07-01 16:33:11', 17, '2023-07-01 16:33:11', 1, false, false),
    ('53266069324', '0556763575536', '2025-07-01 16:33:11', 17, '2023-07-01 16:33:11', 1, false, false),
    ('82005699936', '5349281170083', '2025-07-01 16:33:11', 17, '2023-07-01 16:33:11', 1, false, false),
    ('61544067316', '6965682650049', '2025-07-01 16:33:11', 17, '2023-07-01 16:33:11', 1, false, false),
    ('71321375475', '5418032556313', '2025-07-01 16:33:11', 17, '2023-07-01 16:33:11', 1, false, false),
    ('79276439599', '0584286491863', '2025-07-01 16:33:11', 17, '2023-07-01 16:33:11', 1, false, false),
    ('05060702735', '0759323210200', '2025-07-01 16:33:11', 17, '2023-07-01 16:33:11', 1, false, false),
    ('65769799034', '6058768583567', '2025-07-01 16:33:11', 17, '2023-07-01 16:33:11', 1, false, false),
    ('09019728712', '9336082280821', '2025-07-01 16:33:11', 17, '2023-07-01 16:33:11', 1, false, false),
    ('66978245231', '4346167452619', '2025-07-01 16:33:11', 17, '2023-07-01 16:33:11', 1, false, false),
    ('54713165052', '3847362925026', '2025-07-01 16:33:11', 17, '2023-07-01 16:33:11', 1, false, false),
    ('63116031031', '1971026144178', '2025-07-01 16:33:11', 17, '2023-07-01 16:33:11', 1, false, false),
    ('84126722592', '3225611171058', '2025-07-01 16:33:11', 17, '2023-07-01 16:33:11', 1, false, false),
    ('81045487048', '3386154083455', '2025-07-01 16:33:11', 17, '2023-07-01 16:33:11', 1, false, false),
    ('15184314550', '4119657398906', '2025-07-01 16:33:11', 17, '2023-07-01 16:33:11', 1, false, false),
    ('11479219711', '0553418350067', '2025-07-01 16:33:11', 17, '2023-07-01 16:33:11', 1, false, false),
    ('44124811301', '1632921134951', '2025-07-01 16:33:11', 17, '2023-07-01 16:33:11', 1, false, false),
    ('13166274769', '3734073274159', '2025-07-01 16:33:11', 17, '2023-07-01 16:33:11', 1, false, false),
    ('43064887130', '0245694195265', '2025-07-01 16:33:11', 17, '2023-07-01 16:33:11', 1, false, false),
    ('90657861458', '4861765270996', '2025-07-01 16:33:11', 17, '2023-07-01 16:33:11', 1, false, false),
    ('69313548129', '5528051869081', '2025-07-01 16:33:11', 17, '2023-07-01 16:33:11', 1, false, false),
    ('03847290383', '1034392084467', '2025-07-01 16:33:11', 17, '2023-07-01 16:33:11', 1, false, false),
    ('17185462877', '1790930139709', '2025-07-01 16:33:11', 17, '2023-07-01 16:33:11', 1, false, false),
    ('10423550256', '9626056787313', '2025-07-01 16:33:11', 18, '2023-07-01 16:33:11', 1, false, false),
    ('21047766614', '2672586780778', '2025-07-01 16:33:11', 18, '2023-07-01 16:33:11', 1, false, false),
    ('10587359453', '2674758205753', '2025-07-01 16:33:11', 18, '2023-07-01 16:33:11', 1, false, false),
    ('41183532035', '7929376419942', '2025-07-01 16:33:11', 18, '2023-07-01 16:33:11', 1, false, false),
    ('49773743276', '0125277181788', '2025-07-01 16:33:11', 18, '2023-07-01 16:33:11', 1, false, false),
    ('10243739003', '6889145614595', '2025-07-01 16:33:11', 18, '2023-07-01 16:33:11', 1, false, false),
    ('17112692045', '3670424079904', '2025-07-01 16:33:11', 18, '2023-07-01 16:33:11', 1, false, false),
    ('96598185583', '4192845351255', '2025-07-01 16:33:11', 18, '2023-07-01 16:33:11', 1, false, false),
    ('28930474961', '6102669332837', '2025-07-01 16:33:11', 18, '2023-07-01 16:33:11', 1, false, false),
    ('52087255725', '1471675416908', '2025-07-01 16:33:11', 18, '2023-07-01 16:33:11', 1, false, false),
    ('57038723345', '4623591599237', '2025-07-01 16:33:11', 18, '2023-07-01 16:33:11', 1, false, false),
    ('01161580125', '2626120997103', '2025-07-01 16:33:11', 18, '2023-07-01 16:33:11', 1, false, false),
    ('91730829817', '7108116475092', '2025-07-01 16:33:11', 18, '2023-07-01 16:33:11', 1, false, false),
    ('62969016147', '6612613122657', '2025-07-01 16:33:11', 18, '2023-07-01 16:33:11', 1, false, false),
    ('02181484519', '0666676469407', '2025-07-01 16:33:11', 18, '2023-07-01 16:33:11', 1, false, false),
    ('81479293764', '7533448284995', '2025-07-01 16:33:11', 18, '2023-07-01 16:33:11', 1, false, false),
    ('62491096119', '8535647567679', '2025-07-01 16:33:11', 18, '2023-07-01 16:33:11', 1, false, false),
    ('88558968699', '5069639338731', '2025-07-01 16:33:11', 18, '2023-07-01 16:33:11', 1, false, false),
    ('04492705154', '4185638076621', '2025-07-01 16:33:11', 18, '2023-07-01 16:33:11', 1, false, false),
    ('55153148891', '7266122994918', '2025-07-01 16:33:11', 18, '2023-07-01 16:33:11', 1, false, false),
    ('76299143576', '0229530279777', '2025-07-01 16:33:11', 18, '2023-07-01 16:33:11', 1, false, false),
    ('25209322983', '0136517606795', '2025-07-01 16:33:11', 18, '2023-07-01 16:33:11', 1, false, false),
    ('02048517628', '5575731062549', '2025-07-01 16:33:11', 18, '2023-07-01 16:33:11', 1, false, false),
    ('86480073239', '2553749651474', '2025-07-01 16:33:11', 18, '2023-07-01 16:33:11', 1, false, false),
    ('21676164012', '1752457772523', '2025-07-01 16:33:11', 18, '2023-07-01 16:33:11', 1, false, false),
    ('73877939283', '3298213237727', '2025-07-01 16:33:11', 18, '2023-07-01 16:33:11', 1, false, false),
    ('29420544340', '0151090441982', '2025-07-01 16:33:11', 18, '2023-07-01 16:33:11', 1, false, false),
    ('52814574531', '1009043178441', '2025-07-01 16:33:11', 18, '2023-07-01 16:33:11', 1, false, false),
    ('97386309659', '2860137267818', '2025-07-01 16:33:11', 18, '2023-07-01 16:33:11', 1, false, false),
    ('93428406229', '6648836230260', '2025-07-01 16:33:11', 18, '2023-07-01 16:33:11', 1, false, false),
    ('45272131731', '9931332810674', '2025-07-01 16:33:11', 18, '2023-07-01 16:33:11', 1, false, false),
    ('02921584898', '1240903271980', '2025-07-01 16:33:11', 18, '2023-07-01 16:33:11', 1, false, false),
    ('34251192629', '3933408681118', '2025-07-01 16:33:11', 18, '2023-07-01 16:33:11', 1, false, false),
    ('61581288791', '8799914880967', '2025-07-01 16:33:11', 18, '2023-07-01 16:33:11', 1, false, false),
    ('57818136925', '5103548783336', '2025-07-01 16:33:11', 18, '2023-07-01 16:33:11', 1, false, false),
    ('55011005338', '4961516526781', '2025-07-01 16:33:11', 18, '2023-07-01 16:33:11', 1, false, false),
    ('40772916204', '4037712037481', '2025-07-01 16:33:11', 18, '2023-07-01 16:33:11', 1, false, false),
    ('48966604022', '0497626370960', '2025-07-01 16:33:11', 18, '2023-07-01 16:33:11', 1, false, false),
    ('73944926797', '7118577198262', '2025-07-01 16:33:11', 18, '2023-07-01 16:33:11', 1, false, false),
    ('01615808620', '8002320047403', '2025-07-01 16:33:11', 18, '2023-07-01 16:33:11', 1, false, false),
    ('86549341766', '9072248716323', '2025-07-01 16:33:11', 18, '2023-07-01 16:33:11', 1, false, false),
    ('13938124841', '8302167254559', '2025-07-01 16:33:11', 18, '2023-07-01 16:33:11', 1, false, false),
    ('61017733036', '5041890148324', '2025-07-01 16:33:11', 18, '2023-07-01 16:33:11', 1, false, false),
    ('04890733299', '4356135416624', '2025-07-01 16:33:11', 18, '2023-07-01 16:33:11', 1, false, false),
    ('83071009152', '8942711822942', '2025-07-01 16:33:11', 18, '2023-07-01 16:33:11', 1, false, false),
    ('41751138180', '9824476067167', '2025-07-01 16:33:11', 18, '2023-07-01 16:33:11', 1, false, false),
    ('30647372017', '6512088938688', '2025-07-01 16:33:11', 18, '2023-07-01 16:33:11', 1, false, false),
    ('21416792390', '2236222995660', '2025-07-01 16:33:11', 18, '2023-07-01 16:33:11', 1, false, false),
    ('41094066186', '9753316984944', '2025-07-01 16:33:11', 18, '2023-07-01 16:33:11', 1, false, false),
    ('17416095343', '5672472281789', '2025-07-01 16:33:11', 18, '2023-07-01 16:33:11', 1, false, false),
    ('80721424079', '2745532585996', '2025-07-01 16:33:11', 19, '2023-07-01 16:33:11', 1, false, false),
    ('11158611428', '2293868348976', '2025-07-01 16:33:11', 19, '2023-07-01 16:33:11', 1, false, false),
    ('06296362475', '5884406842265', '2025-07-01 16:33:11', 19, '2023-07-01 16:33:11', 1, false, false),
    ('76575771641', '7333909687672', '2025-07-01 16:33:11', 19, '2023-07-01 16:33:11', 1, false, false),
    ('89901855004', '7657123426660', '2025-07-01 16:33:11', 19, '2023-07-01 16:33:11', 1, false, false),
    ('32666388076', '2978084128111', '2025-07-01 16:33:11', 19, '2023-07-01 16:33:11', 1, false, false),
    ('09004808713', '8581030149337', '2025-07-01 16:33:11', 19, '2023-07-01 16:33:11', 1, false, false),
    ('77233007183', '9314308833677', '2025-07-01 16:33:11', 19, '2023-07-01 16:33:11', 1, false, false),
    ('20141739004', '6534732621150', '2025-07-01 16:33:11', 19, '2023-07-01 16:33:11', 1, false, false),
    ('10302970811', '0265350641218', '2025-07-01 16:33:11', 19, '2023-07-01 16:33:11', 1, false, false),
    ('67622696978', '4927851961167', '2025-07-01 16:33:11', 19, '2023-07-01 16:33:11', 1, false, false),
    ('36897133152', '4935962691469', '2025-07-01 16:33:11', 19, '2023-07-01 16:33:11', 1, false, false),
    ('89320889020', '2676916917399', '2025-07-01 16:33:11', 19, '2023-07-01 16:33:11', 1, false, false),
    ('69926963025', '5839621571485', '2025-07-01 16:33:11', 19, '2023-07-01 16:33:11', 1, false, false),
    ('94280387435', '2683800461089', '2025-07-01 16:33:11', 19, '2023-07-01 16:33:11', 1, false, false),
    ('21978921049', '4362882986043', '2025-07-01 16:33:11', 19, '2023-07-01 16:33:11', 1, false, false),
    ('00485281314', '3424641846822', '2025-07-01 16:33:11', 19, '2023-07-01 16:33:11', 1, false, false),
    ('91089661187', '1428185259801', '2025-07-01 16:33:11', 19, '2023-07-01 16:33:11', 1, false, false),
    ('98493449090', '1581495934132', '2025-07-01 16:33:11', 19, '2023-07-01 16:33:11', 1, false, false),
    ('51862825809', '0560875821988', '2025-07-01 16:33:11', 19, '2023-07-01 16:33:11', 1, false, false),
    ('08537978443', '2348555550454', '2025-07-01 16:33:11', 19, '2023-07-01 16:33:11', 1, false, false),
    ('93283061222', '9516518433895', '2025-07-01 16:33:11', 19, '2023-07-01 16:33:11', 1, false, false),
    ('05349842547', '7703429764127', '2025-07-01 16:33:11', 19, '2023-07-01 16:33:11', 1, false, false),
    ('75603275094', '5497945881586', '2025-07-01 16:33:11', 19, '2023-07-01 16:33:11', 1, false, false),
    ('85985190678', '5652335687234', '2025-07-01 16:33:11', 19, '2023-07-01 16:33:11', 1, false, false),
    ('32575051935', '7733927361698', '2025-07-01 16:33:11', 19, '2023-07-01 16:33:11', 1, false, false),
    ('69814276784', '5158214908357', '2025-07-01 16:33:11', 19, '2023-07-01 16:33:11', 1, false, false),
    ('40687296417', '7248850004749', '2025-07-01 16:33:11', 19, '2023-07-01 16:33:11', 1, false, false),
    ('05812796049', '4758372899487', '2025-07-01 16:33:11', 19, '2023-07-01 16:33:11', 1, false, false),
    ('80342108896', '4935542754013', '2025-07-01 16:33:11', 19, '2023-07-01 16:33:11', 1, false, false),
    ('95555725862', '8027247322775', '2025-07-01 16:33:11', 19, '2023-07-01 16:33:11', 1, false, false),
    ('33026800819', '0009945738653', '2025-07-01 16:33:11', 19, '2023-07-01 16:33:11', 1, false, false),
    ('71424154440', '0721602766074', '2025-07-01 16:33:11', 19, '2023-07-01 16:33:11', 1, false, false),
    ('17859767654', '5220352091570', '2025-07-01 16:33:11', 19, '2023-07-01 16:33:11', 1, false, false),
    ('80936577988', '8059527951466', '2025-07-01 16:33:11', 19, '2023-07-01 16:33:11', 1, false, false),
    ('77334236519', '1792235252823', '2025-07-01 16:33:11', 19, '2023-07-01 16:33:11', 1, false, false),
    ('06281728488', '9102403405097', '2025-07-01 16:33:11', 19, '2023-07-01 16:33:11', 1, false, false),
    ('39998618372', '6342723094629', '2025-07-01 16:33:11', 19, '2023-07-01 16:33:11', 1, false, false),
    ('99668194493', '7693766959818', '2025-07-01 16:33:11', 19, '2023-07-01 16:33:11', 1, false, false),
    ('09984996570', '1195789822956', '2025-07-01 16:33:11', 19, '2023-07-01 16:33:11', 1, false, false),
    ('62269269878', '5879358091597', '2025-07-01 16:33:11', 19, '2023-07-01 16:33:11', 1, false, false),
    ('43052416326', '7819104128581', '2025-07-01 16:33:11', 19, '2023-07-01 16:33:11', 1, false, false),
    ('24497931909', '9255437828785', '2025-07-01 16:33:11', 19, '2023-07-01 16:33:11', 1, false, false),
    ('37126308630', '5637539791147', '2025-07-01 16:33:11', 19, '2023-07-01 16:33:11', 1, false, false),
    ('29207690146', '2205465335286', '2025-07-01 16:33:11', 19, '2023-07-01 16:33:11', 1, false, false),
    ('91048922884', '8881555788035', '2025-07-01 16:33:11', 19, '2023-07-01 16:33:11', 1, false, false),
    ('05450099586', '1716996350269', '2025-07-01 16:33:11', 19, '2023-07-01 16:33:11', 1, false, false),
    ('22022098553', '4972727311951', '2025-07-01 16:33:11', 19, '2023-07-01 16:33:11', 1, false, false),
    ('32873265003', '9444251373857', '2025-07-01 16:33:11', 19, '2023-07-01 16:33:11', 1, false, false),
    ('79327372511', '2224692925219', '2025-07-01 16:33:11', 19, '2023-07-01 16:33:11', 1, false, false),
    ('68879708817', '1540167787769', '2025-07-01 16:33:11', 20, '2023-07-01 16:33:11', 1, false, false),
    ('82664918898', '8285209448821', '2025-07-01 16:33:11', 20, '2023-07-01 16:33:11', 1, false, false),
    ('60535800867', '1567226821994', '2025-07-01 16:33:11', 20, '2023-07-01 16:33:11', 1, false, false),
    ('12509549508', '9953107028245', '2025-07-01 16:33:11', 20, '2023-07-01 16:33:11', 1, false, false),
    ('24043223057', '9323314696740', '2025-07-01 16:33:11', 20, '2023-07-01 16:33:11', 1, false, false),
    ('00637069775', '1159437904815', '2025-07-01 16:33:11', 20, '2023-07-01 16:33:11', 1, false, false),
    ('56851713341', '5304585248390', '2025-07-01 16:33:11', 20, '2023-07-01 16:33:11', 1, false, false),
    ('32494874897', '4127561269976', '2025-07-01 16:33:11', 20, '2023-07-01 16:33:11', 1, false, false),
    ('52402698359', '5356329183449', '2025-07-01 16:33:11', 20, '2023-07-01 16:33:11', 1, false, false),
    ('76661951805', '0997978453154', '2025-07-01 16:33:11', 20, '2023-07-01 16:33:11', 1, false, false),
    ('10317486713', '2265528582433', '2025-07-01 16:33:11', 20, '2023-07-01 16:33:11', 1, false, false),
    ('04200358597', '4659029324820', '2025-07-01 16:33:11', 20, '2023-07-01 16:33:11', 1, false, false),
    ('88409340740', '0593134362605', '2025-07-01 16:33:11', 20, '2023-07-01 16:33:11', 1, false, false),
    ('71091946831', '6490603486847', '2025-07-01 16:33:11', 20, '2023-07-01 16:33:11', 1, false, false),
    ('47983710470', '9612166645924', '2025-07-01 16:33:11', 20, '2023-07-01 16:33:11', 1, false, false),
    ('53042549175', '5968489969369', '2025-07-01 16:33:11', 20, '2023-07-01 16:33:11', 1, false, false),
    ('13099437677', '6756257131243', '2025-07-01 16:33:11', 20, '2023-07-01 16:33:11', 1, false, false),
    ('29097056244', '9029926703670', '2025-07-01 16:33:11', 20, '2023-07-01 16:33:11', 1, false, false),
    ('63486559088', '5599231223859', '2025-07-01 16:33:11', 20, '2023-07-01 16:33:11', 1, false, false),
    ('10081642998', '5053970380066', '2025-07-01 16:33:11', 20, '2023-07-01 16:33:11', 1, false, false),
    ('76529588667', '8998623129901', '2025-07-01 16:33:11', 20, '2023-07-01 16:33:11', 1, false, false),
    ('90464427016', '8483317963008', '2025-07-01 16:33:11', 20, '2023-07-01 16:33:11', 1, false, false),
    ('13332393452', '9115553199547', '2025-07-01 16:33:11', 20, '2023-07-01 16:33:11', 1, false, false),
    ('28848451985', '8251629298967', '2025-07-01 16:33:11', 20, '2023-07-01 16:33:11', 1, false, false),
    ('83816688478', '0608636847600', '2025-07-01 16:33:11', 20, '2023-07-01 16:33:11', 1, false, false),
    ('31971178231', '6873621159385', '2025-07-01 16:33:11', 20, '2023-07-01 16:33:11', 1, false, false),
    ('21326193717', '0634803460212', '2025-07-01 16:33:11', 20, '2023-07-01 16:33:11', 1, false, false),
    ('90116596423', '1390210268381', '2025-07-01 16:33:11', 20, '2023-07-01 16:33:11', 1, false, false),
    ('71578922591', '6745436783832', '2025-07-01 16:33:11', 20, '2023-07-01 16:33:11', 1, false, false),
    ('99249983540', '7638922211714', '2025-07-01 16:33:11', 20, '2023-07-01 16:33:11', 1, false, false),
    ('07849744401', '6927734809870', '2025-07-01 16:33:11', 20, '2023-07-01 16:33:11', 1, false, false),
    ('44248788665', '6639424642509', '2025-07-01 16:33:11', 20, '2023-07-01 16:33:11', 1, false, false),
    ('07086852856', '0626402791901', '2025-07-01 16:33:11', 20, '2023-07-01 16:33:11', 1, false, false),
    ('88322477343', '6779567362770', '2025-07-01 16:33:11', 20, '2023-07-01 16:33:11', 1, false, false),
    ('06685586600', '1367867172853', '2025-07-01 16:33:11', 20, '2023-07-01 16:33:11', 1, false, false),
    ('50810013104', '1332973632607', '2025-07-01 16:33:11', 20, '2023-07-01 16:33:11', 1, false, false),
    ('84698814708', '8200150346206', '2025-07-01 16:33:11', 20, '2023-07-01 16:33:11', 1, false, false),
    ('35950990135', '8468102866404', '2025-07-01 16:33:11', 20, '2023-07-01 16:33:11', 1, false, false),
    ('47519715300', '6232127007525', '2025-07-01 16:33:11', 20, '2023-07-01 16:33:11', 1, false, false),
    ('11956898723', '2217089278074', '2025-07-01 16:33:11', 20, '2023-07-01 16:33:11', 1, false, false),
    ('86141793720', '7463526170262', '2025-07-01 16:33:11', 20, '2023-07-01 16:33:11', 1, false, false),
    ('02978395615', '8136592871429', '2025-07-01 16:33:11', 20, '2023-07-01 16:33:11', 1, false, false),
    ('65950466321', '7315332130223', '2025-07-01 16:33:11', 20, '2023-07-01 16:33:11', 1, false, false),
    ('94808630679', '2034303348058', '2025-07-01 16:33:11', 20, '2023-07-01 16:33:11', 1, false, false),
    ('36660429865', '8783287217803', '2025-07-01 16:33:11', 20, '2023-07-01 16:33:11', 1, false, false),
    ('51375349387', '7900427803804', '2025-07-01 16:33:11', 20, '2023-07-01 16:33:11', 1, false, false),
    ('71968908984', '3483694004372', '2025-07-01 16:33:11', 20, '2023-07-01 16:33:11', 1, false, false),
    ('50755661396', '6987681032869', '2025-07-01 16:33:11', 20, '2023-07-01 16:33:11', 1, false, false),
    ('69576112260', '4946484596727', '2025-07-01 16:33:11', 20, '2023-07-01 16:33:11', 1, false, false),
    ('66726625136', '1066590294602', '2025-07-01 16:33:11', 20, '2023-07-01 16:33:11', 1, false, false),
    ('93170292344', '3935525101551', '2025-07-01 16:33:11', 21, '2023-07-01 16:33:11', 1, false, false),
    ('13087097675', '2098101125444', '2025-07-01 16:33:11', 21, '2023-07-01 16:33:11', 1, false, false),
    ('21056658211', '0991944357926', '2025-07-01 16:33:11', 21, '2023-07-01 16:33:11', 1, false, false),
    ('19545125095', '2004681766459', '2025-07-01 16:33:11', 21, '2023-07-01 16:33:11', 1, false, false),
    ('92546228231', '8228132700950', '2025-07-01 16:33:11', 21, '2023-07-01 16:33:11', 1, false, false),
    ('34560447231', '5453919840004', '2025-07-01 16:33:11', 21, '2023-07-01 16:33:11', 1, false, false),
    ('87532969046', '5149269924311', '2025-07-01 16:33:11', 21, '2023-07-01 16:33:11', 1, false, false),
    ('00454428192', '6784496377166', '2025-07-01 16:33:11', 21, '2023-07-01 16:33:11', 1, false, false),
    ('89486954475', '8081447461406', '2025-07-01 16:33:11', 21, '2023-07-01 16:33:11', 1, false, false),
    ('33751775639', '2552893017016', '2025-07-01 16:33:11', 21, '2023-07-01 16:33:11', 1, false, false),
    ('81739817405', '3374152481048', '2025-07-01 16:33:11', 21, '2023-07-01 16:33:11', 1, false, false),
    ('94407760526', '7889418077836', '2025-07-01 16:33:11', 21, '2023-07-01 16:33:11', 1, false, false),
    ('07740981560', '0334694118010', '2025-07-01 16:33:11', 21, '2023-07-01 16:33:11', 1, false, false),
    ('15663263370', '2983904179504', '2025-07-01 16:33:11', 21, '2023-07-01 16:33:11', 1, false, false),
    ('66592123979', '7397870437161', '2025-07-01 16:33:11', 21, '2023-07-01 16:33:11', 1, false, false),
    ('78943101960', '0473507917335', '2025-07-01 16:33:11', 21, '2023-07-01 16:33:11', 1, false, false),
    ('70371245147', '9913421166750', '2025-07-01 16:33:11', 21, '2023-07-01 16:33:11', 1, false, false),
    ('36345556554', '9896727102340', '2025-07-01 16:33:11', 21, '2023-07-01 16:33:11', 1, false, false),
    ('66921249259', '5586874304601', '2025-07-01 16:33:11', 21, '2023-07-01 16:33:11', 1, false, false),
    ('88259629123', '4152530913326', '2025-07-01 16:33:11', 21, '2023-07-01 16:33:11', 1, false, false),
    ('90010274296', '0253542412197', '2025-07-01 16:33:11', 21, '2023-07-01 16:33:11', 1, false, false),
    ('43209473786', '0867773400845', '2025-07-01 16:33:11', 21, '2023-07-01 16:33:11', 1, false, false),
    ('23572179792', '9370254194461', '2025-07-01 16:33:11', 21, '2023-07-01 16:33:11', 1, false, false),
    ('17533994661', '1726312122575', '2025-07-01 16:33:11', 21, '2023-07-01 16:33:11', 1, false, false),
    ('96394584755', '4814294756572', '2025-07-01 16:33:11', 21, '2023-07-01 16:33:11', 1, false, false),
    ('29564737075', '3847558568962', '2025-07-01 16:33:11', 21, '2023-07-01 16:33:11', 1, false, false),
    ('48995829895', '8869873996967', '2025-07-01 16:33:11', 21, '2023-07-01 16:33:11', 1, false, false),
    ('75767447790', '9862169431171', '2025-07-01 16:33:11', 21, '2023-07-01 16:33:11', 1, false, false),
    ('39635802060', '3028601463141', '2025-07-01 16:33:11', 21, '2023-07-01 16:33:11', 1, false, false),
    ('43565968400', '0223993459665', '2025-07-01 16:33:11', 21, '2023-07-01 16:33:11', 1, false, false),
    ('76747871267', '0912842556090', '2025-07-01 16:33:11', 21, '2023-07-01 16:33:11', 1, false, false),
    ('43633495878', '6563269915561', '2025-07-01 16:33:11', 21, '2023-07-01 16:33:11', 1, false, false),
    ('33595244735', '6389468716888', '2025-07-01 16:33:11', 21, '2023-07-01 16:33:11', 1, false, false),
    ('88717998537', '3469781748444', '2025-07-01 16:33:11', 21, '2023-07-01 16:33:11', 1, false, false),
    ('08372895036', '8142963182187', '2025-07-01 16:33:11', 21, '2023-07-01 16:33:11', 1, false, false),
    ('31027954029', '3885747905806', '2025-07-01 16:33:11', 21, '2023-07-01 16:33:11', 1, false, false),
    ('69931011004', '7654016107112', '2025-07-01 16:33:11', 21, '2023-07-01 16:33:11', 1, false, false),
    ('97980189170', '0586793196396', '2025-07-01 16:33:11', 21, '2023-07-01 16:33:11', 1, false, false),
    ('46517677858', '0386986457106', '2025-07-01 16:33:11', 21, '2023-07-01 16:33:11', 1, false, false),
    ('93689335511', '8242349458658', '2025-07-01 16:33:11', 21, '2023-07-01 16:33:11', 1, false, false),
    ('49310984131', '0359687644071', '2025-07-01 16:33:11', 21, '2023-07-01 16:33:11', 1, false, false),
    ('94857021709', '5987258100225', '2025-07-01 16:33:11', 21, '2023-07-01 16:33:11', 1, false, false),
    ('52353261405', '4418132932647', '2025-07-01 16:33:11', 21, '2023-07-01 16:33:11', 1, false, false),
    ('56292295735', '8103766252348', '2025-07-01 16:33:11', 21, '2023-07-01 16:33:11', 1, false, false),
    ('10396386975', '4051036620165', '2025-07-01 16:33:11', 21, '2023-07-01 16:33:11', 1, false, false),
    ('96746333442', '2224204982105', '2025-07-01 16:33:11', 21, '2023-07-01 16:33:11', 1, false, false),
    ('35249810838', '4697682355371', '2025-07-01 16:33:11', 21, '2023-07-01 16:33:11', 1, false, false),
    ('18018030500', '9849876604509', '2025-07-01 16:33:11', 21, '2023-07-01 16:33:11', 1, false, false),
    ('30060160937', '2603161896582', '2025-07-01 16:33:11', 21, '2023-07-01 16:33:11', 1, false, false),
    ('27868513562', '6206695245423', '2025-07-01 16:33:11', 21, '2023-07-01 16:33:11', 1, false, false),
    ('21682709619', '8528528815050', '2025-07-01 16:33:11', 22, '2023-07-01 16:33:11', 1, false, false),
    ('38070937756', '0438798855565', '2025-07-01 16:33:11', 22, '2023-07-01 16:33:11', 1, false, false),
    ('04180272376', '1012945910619', '2025-07-01 16:33:11', 22, '2023-07-01 16:33:11', 1, false, false),
    ('35226390779', '6253528277416', '2025-07-01 16:33:11', 22, '2023-07-01 16:33:11', 1, false, false),
    ('00066795512', '6604970532998', '2025-07-01 16:33:11', 22, '2023-07-01 16:33:11', 1, false, false),
    ('62330182497', '0338953045797', '2025-07-01 16:33:11', 22, '2023-07-01 16:33:11', 1, false, false),
    ('94008042625', '6067171103405', '2025-07-01 16:33:11', 22, '2023-07-01 16:33:11', 1, false, false),
    ('47530848584', '6137067094109', '2025-07-01 16:33:11', 22, '2023-07-01 16:33:11', 1, false, false),
    ('25426184609', '6450183778343', '2025-07-01 16:33:11', 22, '2023-07-01 16:33:11', 1, false, false),
    ('25933591436', '2484946093238', '2025-07-01 16:33:11', 22, '2023-07-01 16:33:11', 1, false, false),
    ('74698334869', '8478944090362', '2025-07-01 16:33:11', 22, '2023-07-01 16:33:11', 1, false, false),
    ('69569786794', '9684163757407', '2025-07-01 16:33:11', 22, '2023-07-01 16:33:11', 1, false, false),
    ('39323148370', '3928828453789', '2025-07-01 16:33:11', 22, '2023-07-01 16:33:11', 1, false, false),
    ('92567553340', '6835041691631', '2025-07-01 16:33:11', 22, '2023-07-01 16:33:11', 1, false, false),
    ('29423842594', '5810131598271', '2025-07-01 16:33:11', 22, '2023-07-01 16:33:11', 1, false, false),
    ('24247524243', '0350500234068', '2025-07-01 16:33:11', 22, '2023-07-01 16:33:11', 1, false, false),
    ('24246393177', '2427752686652', '2025-07-01 16:33:11', 22, '2023-07-01 16:33:11', 1, false, false),
    ('16758672677', '2942433532658', '2025-07-01 16:33:11', 22, '2023-07-01 16:33:11', 1, false, false),
    ('15704706591', '9218541382621', '2025-07-01 16:33:11', 22, '2023-07-01 16:33:11', 1, false, false),
    ('59176737935', '4066958736069', '2025-07-01 16:33:11', 22, '2023-07-01 16:33:11', 1, false, false),
    ('40474890526', '0358604920749', '2025-07-01 16:33:11', 22, '2023-07-01 16:33:11', 1, false, false),
    ('24540272217', '8142179107567', '2025-07-01 16:33:11', 22, '2023-07-01 16:33:11', 1, false, false),
    ('89826810553', '5521601253131', '2025-07-01 16:33:11', 22, '2023-07-01 16:33:11', 1, false, false),
    ('60936954168', '6124268834350', '2025-07-01 16:33:11', 22, '2023-07-01 16:33:11', 1, false, false),
    ('07129937371', '4450121791507', '2025-07-01 16:33:11', 22, '2023-07-01 16:33:11', 1, false, false),
    ('64736062362', '1372127753177', '2025-07-01 16:33:11', 22, '2023-07-01 16:33:11', 1, false, false),
    ('71802637044', '4168999079514', '2025-07-01 16:33:11', 22, '2023-07-01 16:33:11', 1, false, false),
    ('08035274594', '2813509907566', '2025-07-01 16:33:11', 22, '2023-07-01 16:33:11', 1, false, false),
    ('55306342478', '9796745423437', '2025-07-01 16:33:11', 22, '2023-07-01 16:33:11', 1, false, false),
    ('08539228591', '4597047172412', '2025-07-01 16:33:11', 22, '2023-07-01 16:33:11', 1, false, false),
    ('83653202891', '0101127536382', '2025-07-01 16:33:11', 22, '2023-07-01 16:33:11', 1, false, false),
    ('95768379582', '2979009212963', '2025-07-01 16:33:11', 22, '2023-07-01 16:33:11', 1, false, false),
    ('08052469962', '1812100370020', '2025-07-01 16:33:11', 22, '2023-07-01 16:33:11', 1, false, false),
    ('30841005848', '7806242509241', '2025-07-01 16:33:11', 22, '2023-07-01 16:33:11', 1, false, false),
    ('67275394748', '8771477297754', '2025-07-01 16:33:11', 22, '2023-07-01 16:33:11', 1, false, false),
    ('52596993131', '0002305594938', '2025-07-01 16:33:11', 22, '2023-07-01 16:33:11', 1, false, false),
    ('51074520044', '6774188540227', '2025-07-01 16:33:11', 22, '2023-07-01 16:33:11', 1, false, false),
    ('21080350938', '0597292083411', '2025-07-01 16:33:11', 22, '2023-07-01 16:33:11', 1, false, false),
    ('94225464832', '0984039328534', '2025-07-01 16:33:11', 22, '2023-07-01 16:33:11', 1, false, false),
    ('02181064527', '0065667294996', '2025-07-01 16:33:11', 22, '2023-07-01 16:33:11', 1, false, false),
    ('27798104039', '5923124477671', '2025-07-01 16:33:11', 22, '2023-07-01 16:33:11', 1, false, false),
    ('14267713446', '4589351693659', '2025-07-01 16:33:11', 22, '2023-07-01 16:33:11', 1, false, false),
    ('89953218511', '2763399602476', '2025-07-01 16:33:11', 22, '2023-07-01 16:33:11', 1, false, false),
    ('48243604170', '0418428771610', '2025-07-01 16:33:11', 22, '2023-07-01 16:33:11', 1, false, false),
    ('32931501922', '0115414035324', '2025-07-01 16:33:11', 22, '2023-07-01 16:33:11', 1, false, false),
    ('79967877257', '5839339123945', '2025-07-01 16:33:11', 22, '2023-07-01 16:33:11', 1, false, false),
    ('35464551689', '1833918379599', '2025-07-01 16:33:11', 22, '2023-07-01 16:33:11', 1, false, false),
    ('22701665347', '4479068308283', '2025-07-01 16:33:11', 22, '2023-07-01 16:33:11', 1, false, false),
    ('14369625510', '3689519004399', '2025-07-01 16:33:11', 22, '2023-07-01 16:33:11', 1, false, false),
    ('40429453490', '5158289665198', '2025-07-01 16:33:11', 22, '2023-07-01 16:33:11', 1, false, false),
    ('86411739055', '1381237108207', '2025-07-01 16:33:11', 23, '2023-07-01 16:33:11', 1, false, false),
    ('07811615228', '2939599668612', '2025-07-01 16:33:11', 23, '2023-07-01 16:33:11', 1, false, false),
    ('11902497858', '7873609171363', '2025-07-01 16:33:11', 23, '2023-07-01 16:33:11', 1, false, false),
    ('01251531858', '6667394554427', '2025-07-01 16:33:11', 23, '2023-07-01 16:33:11', 1, false, false),
    ('74156562244', '5191785586817', '2025-07-01 16:33:11', 23, '2023-07-01 16:33:11', 1, false, false),
    ('91039389121', '7703087323371', '2025-07-01 16:33:11', 23, '2023-07-01 16:33:11', 1, false, false),
    ('95762135371', '3201228739659', '2025-07-01 16:33:11', 23, '2023-07-01 16:33:11', 1, false, false),
    ('77363204233', '9721105082638', '2025-07-01 16:33:11', 23, '2023-07-01 16:33:11', 1, false, false),
    ('26437065164', '5879305020119', '2025-07-01 16:33:11', 23, '2023-07-01 16:33:11', 1, false, false),
    ('05821270203', '6523501670457', '2025-07-01 16:33:11', 23, '2023-07-01 16:33:11', 1, false, false),
    ('77863679303', '1561239716638', '2025-07-01 16:33:11', 23, '2023-07-01 16:33:11', 1, false, false),
    ('52774167127', '1127698206734', '2025-07-01 16:33:11', 23, '2023-07-01 16:33:11', 1, false, false),
    ('06894991113', '8057033961640', '2025-07-01 16:33:11', 23, '2023-07-01 16:33:11', 1, false, false),
    ('22677903004', '3207890258737', '2025-07-01 16:33:11', 23, '2023-07-01 16:33:11', 1, false, false),
    ('65750453185', '0632621919386', '2025-07-01 16:33:11', 23, '2023-07-01 16:33:11', 1, false, false),
    ('31697525102', '6585674923571', '2025-07-01 16:33:11', 23, '2023-07-01 16:33:11', 1, false, false),
    ('50129350940', '8437719146196', '2025-07-01 16:33:11', 23, '2023-07-01 16:33:11', 1, false, false),
    ('70035068596', '9875414841106', '2025-07-01 16:33:11', 23, '2023-07-01 16:33:11', 1, false, false),
    ('27540322685', '4640961746456', '2025-07-01 16:33:11', 23, '2023-07-01 16:33:11', 1, false, false),
    ('02254870217', '3468843952223', '2025-07-01 16:33:11', 23, '2023-07-01 16:33:11', 1, false, false),
    ('97616199284', '4762299491848', '2025-07-01 16:33:11', 23, '2023-07-01 16:33:11', 1, false, false),
    ('74892489452', '8366793247656', '2025-07-01 16:33:11', 23, '2023-07-01 16:33:11', 1, false, false),
    ('60284688857', '4826759343364', '2025-07-01 16:33:11', 23, '2023-07-01 16:33:11', 1, false, false),
    ('87665771727', '6906228500147', '2025-07-01 16:33:11', 23, '2023-07-01 16:33:11', 1, false, false),
    ('81602934188', '4174479447105', '2025-07-01 16:33:11', 23, '2023-07-01 16:33:11', 1, false, false),
    ('82349786668', '5815263841655', '2025-07-01 16:33:11', 23, '2023-07-01 16:33:11', 1, false, false),
    ('59949114581', '4851548186688', '2025-07-01 16:33:11', 23, '2023-07-01 16:33:11', 1, false, false),
    ('05799858210', '4482192614253', '2025-07-01 16:33:11', 23, '2023-07-01 16:33:11', 1, false, false),
    ('41843899316', '1849411858774', '2025-07-01 16:33:11', 23, '2023-07-01 16:33:11', 1, false, false),
    ('26972043226', '4098764851359', '2025-07-01 16:33:11', 23, '2023-07-01 16:33:11', 1, false, false),
    ('03313506173', '1772887870167', '2025-07-01 16:33:11', 23, '2023-07-01 16:33:11', 1, false, false),
    ('16428332974', '9820743898280', '2025-07-01 16:33:11', 23, '2023-07-01 16:33:11', 1, false, false),
    ('54411185681', '8133076035152', '2025-07-01 16:33:11', 23, '2023-07-01 16:33:11', 1, false, false),
    ('63351639764', '0254770050961', '2025-07-01 16:33:11', 23, '2023-07-01 16:33:11', 1, false, false),
    ('96402508097', '1460234524937', '2025-07-01 16:33:11', 23, '2023-07-01 16:33:11', 1, false, false),
    ('94317920206', '8818872224368', '2025-07-01 16:33:11', 23, '2023-07-01 16:33:11', 1, false, false),
    ('43147634219', '8260768798185', '2025-07-01 16:33:11', 23, '2023-07-01 16:33:11', 1, false, false),
    ('75067671309', '0185692241739', '2025-07-01 16:33:11', 23, '2023-07-01 16:33:11', 1, false, false),
    ('78360776714', '1936901642122', '2025-07-01 16:33:11', 23, '2023-07-01 16:33:11', 1, false, false),
    ('20331695908', '5907731727173', '2025-07-01 16:33:11', 23, '2023-07-01 16:33:11', 1, false, false),
    ('05418989895', '0376940072481', '2025-07-01 16:33:11', 23, '2023-07-01 16:33:11', 1, false, false),
    ('87668178897', '4777850920251', '2025-07-01 16:33:11', 23, '2023-07-01 16:33:11', 1, false, false),
    ('26085285540', '3487748634694', '2025-07-01 16:33:11', 23, '2023-07-01 16:33:11', 1, false, false),
    ('93723263678', '8069657720318', '2025-07-01 16:33:11', 23, '2023-07-01 16:33:11', 1, false, false),
    ('33243744416', '4595290177374', '2025-07-01 16:33:11', 23, '2023-07-01 16:33:11', 1, false, false),
    ('62005168485', '3153504577757', '2025-07-01 16:33:11', 23, '2023-07-01 16:33:11', 1, false, false),
    ('66993610137', '0312766481022', '2025-07-01 16:33:11', 23, '2023-07-01 16:33:11', 1, false, false),
    ('42437507207', '7407530632185', '2025-07-01 16:33:11', 23, '2023-07-01 16:33:11', 1, false, false),
    ('54086077475', '0046696790282', '2025-07-01 16:33:11', 23, '2023-07-01 16:33:11', 1, false, false),
    ('16299751417', '6459908674406', '2025-07-01 16:33:11', 23, '2023-07-01 16:33:11', 1, false, false),
    ('88684104770', '6179688215381', '2025-07-01 16:33:11', 24, '2023-07-01 16:33:11', 1, false, false),
    ('46046446843', '0785676324639', '2025-07-01 16:33:11', 24, '2023-07-01 16:33:11', 1, false, false),
    ('49425770359', '6954321141482', '2025-07-01 16:33:11', 24, '2023-07-01 16:33:11', 1, false, false),
    ('71151237884', '5002698733071', '2025-07-01 16:33:11', 24, '2023-07-01 16:33:11', 1, false, false),
    ('22057037488', '8394526658823', '2025-07-01 16:33:11', 24, '2023-07-01 16:33:11', 1, false, false),
    ('68061850940', '8744921273836', '2025-07-01 16:33:11', 24, '2023-07-01 16:33:11', 1, false, false),
    ('62485696198', '5906649895930', '2025-07-01 16:33:11', 24, '2023-07-01 16:33:11', 1, false, false),
    ('89051329574', '5745103921507', '2025-07-01 16:33:11', 24, '2023-07-01 16:33:11', 1, false, false),
    ('95209490002', '3723146857723', '2025-07-01 16:33:11', 24, '2023-07-01 16:33:11', 1, false, false),
    ('18966541341', '9523833441823', '2025-07-01 16:33:11', 24, '2023-07-01 16:33:11', 1, false, false),
    ('66190261864', '8685781194290', '2025-07-01 16:33:11', 24, '2023-07-01 16:33:11', 1, false, false),
    ('58198459966', '5814241937204', '2025-07-01 16:33:11', 24, '2023-07-01 16:33:11', 1, false, false),
    ('75770305022', '3276781645703', '2025-07-01 16:33:11', 24, '2023-07-01 16:33:11', 1, false, false),
    ('04087394922', '7007889884999', '2025-07-01 16:33:11', 24, '2023-07-01 16:33:11', 1, false, false),
    ('22290837064', '9760946030140', '2025-07-01 16:33:11', 24, '2023-07-01 16:33:11', 1, false, false),
    ('56357239274', '1867964070573', '2025-07-01 16:33:11', 24, '2023-07-01 16:33:11', 1, false, false),
    ('72607396566', '5285171520835', '2025-07-01 16:33:11', 24, '2023-07-01 16:33:11', 1, false, false),
    ('50575912318', '3604922315184', '2025-07-01 16:33:11', 24, '2023-07-01 16:33:11', 1, false, false),
    ('90413947122', '8871791628969', '2025-07-01 16:33:11', 24, '2023-07-01 16:33:11', 1, false, false),
    ('92259639040', '9343974923138', '2025-07-01 16:33:11', 24, '2023-07-01 16:33:11', 1, false, false),
    ('27395432819', '6217384695247', '2025-07-01 16:33:11', 24, '2023-07-01 16:33:11', 1, false, false),
    ('28473653437', '7501103270973', '2025-07-01 16:33:11', 24, '2023-07-01 16:33:11', 1, false, false),
    ('95079934727', '9651127888143', '2025-07-01 16:33:11', 24, '2023-07-01 16:33:11', 1, false, false),
    ('44030346384', '4789241360002', '2025-07-01 16:33:11', 24, '2023-07-01 16:33:11', 1, false, false),
    ('15654989974', '7779652533800', '2025-07-01 16:33:11', 24, '2023-07-01 16:33:11', 1, false, false),
    ('94175566284', '1541142507354', '2025-07-01 16:33:11', 24, '2023-07-01 16:33:11', 1, false, false),
    ('20949955021', '0730316456124', '2025-07-01 16:33:11', 24, '2023-07-01 16:33:11', 1, false, false),
    ('90060843101', '9359180022604', '2025-07-01 16:33:11', 24, '2023-07-01 16:33:11', 1, false, false),
    ('01065075481', '8309235405902', '2025-07-01 16:33:11', 24, '2023-07-01 16:33:11', 1, false, false),
    ('68057035481', '4904463763755', '2025-07-01 16:33:11', 24, '2023-07-01 16:33:11', 1, false, false),
    ('19764706638', '2335441374580', '2025-07-01 16:33:11', 24, '2023-07-01 16:33:11', 1, false, false),
    ('94106735685', '4897834049258', '2025-07-01 16:33:11', 24, '2023-07-01 16:33:11', 1, false, false),
    ('50554485779', '7613479412353', '2025-07-01 16:33:11', 24, '2023-07-01 16:33:11', 1, false, false),
    ('23822154289', '1275527703070', '2025-07-01 16:33:11', 24, '2023-07-01 16:33:11', 1, false, false),
    ('03549804536', '2521982505598', '2025-07-01 16:33:11', 24, '2023-07-01 16:33:11', 1, false, false),
    ('76924604889', '1547692836012', '2025-07-01 16:33:11', 24, '2023-07-01 16:33:11', 1, false, false),
    ('13451156224', '4033822971505', '2025-07-01 16:33:11', 24, '2023-07-01 16:33:11', 1, false, false),
    ('02952505115', '1478837341068', '2025-07-01 16:33:11', 24, '2023-07-01 16:33:11', 1, false, false),
    ('17976485033', '8827720287854', '2025-07-01 16:33:11', 24, '2023-07-01 16:33:11', 1, false, false),
    ('69924241036', '6452763749742', '2025-07-01 16:33:11', 24, '2023-07-01 16:33:11', 1, false, false),
    ('52249491786', '8356485086534', '2025-07-01 16:33:11', 24, '2023-07-01 16:33:11', 1, false, false),
    ('49233079979', '2517315907506', '2025-07-01 16:33:11', 24, '2023-07-01 16:33:11', 1, false, false),
    ('58207953497', '1312871533511', '2025-07-01 16:33:11', 24, '2023-07-01 16:33:11', 1, false, false),
    ('44256528532', '4697816731385', '2025-07-01 16:33:11', 24, '2023-07-01 16:33:11', 1, false, false),
    ('06765042889', '5771685955613', '2025-07-01 16:33:11', 24, '2023-07-01 16:33:11', 1, false, false),
    ('24234756456', '7326386619615', '2025-07-01 16:33:11', 24, '2023-07-01 16:33:11', 1, false, false),
    ('47994241384', '4057250287056', '2025-07-01 16:33:11', 24, '2023-07-01 16:33:11', 1, false, false),
    ('27662130574', '2331210011019', '2025-07-01 16:33:11', 24, '2023-07-01 16:33:11', 1, false, false),
    ('90442575275', '8975688105690', '2025-07-01 16:33:11', 24, '2023-07-01 16:33:11', 1, false, false),
    ('37010969216', '8394610698056', '2025-07-01 16:33:11', 24, '2023-07-01 16:33:11', 1, false, false),
    ('92429641601', '7237222270477', '2025-07-01 16:33:11', 25, '2023-07-01 16:33:11', 1, false, false),
    ('51897885314', '0793548969392', '2025-07-01 16:33:11', 25, '2023-07-01 16:33:11', 1, false, false),
    ('53448067718', '4764340318838', '2025-07-01 16:33:11', 25, '2023-07-01 16:33:11', 1, false, false),
    ('82632179728', '0890318329994', '2025-07-01 16:33:11', 25, '2023-07-01 16:33:11', 1, false, false),
    ('05803541313', '7713033274341', '2025-07-01 16:33:11', 25, '2023-07-01 16:33:11', 1, false, false),
    ('32050979811', '0028818027940', '2025-07-01 16:33:11', 25, '2023-07-01 16:33:11', 1, false, false),
    ('08475683613', '1688248799012', '2025-07-01 16:33:11', 25, '2023-07-01 16:33:11', 1, false, false),
    ('15063933802', '9743053611080', '2025-07-01 16:33:11', 25, '2023-07-01 16:33:11', 1, false, false),
    ('30304624589', '6193173151508', '2025-07-01 16:33:11', 25, '2023-07-01 16:33:11', 1, false, false),
    ('13250742961', '2874114823694', '2025-07-01 16:33:11', 25, '2023-07-01 16:33:11', 1, false, false),
    ('05362979191', '4239292963981', '2025-07-01 16:33:11', 25, '2023-07-01 16:33:11', 1, false, false),
    ('33987675605', '4419441014426', '2025-07-01 16:33:11', 25, '2023-07-01 16:33:11', 1, false, false),
    ('74588717965', '4367308259869', '2025-07-01 16:33:11', 25, '2023-07-01 16:33:11', 1, false, false),
    ('01978856370', '4986682978494', '2025-07-01 16:33:11', 25, '2023-07-01 16:33:11', 1, false, false),
    ('78821577267', '5426463749454', '2025-07-01 16:33:11', 25, '2023-07-01 16:33:11', 1, false, false),
    ('64538039033', '6615954514989', '2025-07-01 16:33:11', 25, '2023-07-01 16:33:11', 1, false, false),
    ('24119020408', '2492145420158', '2025-07-01 16:33:11', 25, '2023-07-01 16:33:11', 1, false, false),
    ('04146123768', '6673687317313', '2025-07-01 16:33:11', 25, '2023-07-01 16:33:11', 1, false, false),
    ('77590926568', '5617643611706', '2025-07-01 16:33:11', 25, '2023-07-01 16:33:11', 1, false, false),
    ('82911482179', '2702535420522', '2025-07-01 16:33:11', 25, '2023-07-01 16:33:11', 1, false, false),
    ('05291608916', '6151043514295', '2025-07-01 16:33:11', 25, '2023-07-01 16:33:11', 1, false, false),
    ('37596607488', '9087167200066', '2025-07-01 16:33:11', 25, '2023-07-01 16:33:11', 1, false, false),
    ('78572513830', '2514590386339', '2025-07-01 16:33:11', 25, '2023-07-01 16:33:11', 1, false, false),
    ('23700498091', '4012532336997', '2025-07-01 16:33:11', 25, '2023-07-01 16:33:11', 1, false, false),
    ('96023158325', '8965930831045', '2025-07-01 16:33:11', 25, '2023-07-01 16:33:11', 1, false, false),
    ('93936471501', '3422707805958', '2025-07-01 16:33:11', 25, '2023-07-01 16:33:11', 1, false, false),
    ('20407071483', '7331332865040', '2025-07-01 16:33:11', 25, '2023-07-01 16:33:11', 1, false, false),
    ('30043201570', '8391522905313', '2025-07-01 16:33:11', 25, '2023-07-01 16:33:11', 1, false, false),
    ('44908422881', '8922450279263', '2025-07-01 16:33:11', 25, '2023-07-01 16:33:11', 1, false, false),
    ('56306851267', '0890953479120', '2025-07-01 16:33:11', 25, '2023-07-01 16:33:11', 1, false, false),
    ('27830418327', '4105194071178', '2025-07-01 16:33:11', 25, '2023-07-01 16:33:11', 1, false, false),
    ('88486787963', '9983586224390', '2025-07-01 16:33:11', 25, '2023-07-01 16:33:11', 1, false, false),
    ('35032200782', '0758243031738', '2025-07-01 16:33:11', 25, '2023-07-01 16:33:11', 1, false, false),
    ('71871988431', '8575568253842', '2025-07-01 16:33:11', 25, '2023-07-01 16:33:11', 1, false, false),
    ('07755796698', '6743548443134', '2025-07-01 16:33:11', 25, '2023-07-01 16:33:11', 1, false, false),
    ('66479472530', '4766044789010', '2025-07-01 16:33:11', 25, '2023-07-01 16:33:11', 1, false, false),
    ('01407085653', '5339735241339', '2025-07-01 16:33:11', 25, '2023-07-01 16:33:11', 1, false, false),
    ('45405024289', '6210653934561', '2025-07-01 16:33:11', 25, '2023-07-01 16:33:11', 1, false, false),
    ('22522563508', '6613730252694', '2025-07-01 16:33:11', 25, '2023-07-01 16:33:11', 1, false, false),
    ('74776842257', '7347245537191', '2025-07-01 16:33:11', 25, '2023-07-01 16:33:11', 1, false, false),
    ('91865409365', '6811261730746', '2025-07-01 16:33:11', 25, '2023-07-01 16:33:11', 1, false, false),
    ('07466670467', '5386973703752', '2025-07-01 16:33:11', 25, '2023-07-01 16:33:11', 1, false, false),
    ('20603898484', '0845051417236', '2025-07-01 16:33:11', 25, '2023-07-01 16:33:11', 1, false, false),
    ('91147828399', '3753779078477', '2025-07-01 16:33:11', 25, '2023-07-01 16:33:11', 1, false, false),
    ('20651045217', '0807437409591', '2025-07-01 16:33:11', 25, '2023-07-01 16:33:11', 1, false, false),
    ('44595701509', '2757202242193', '2025-07-01 16:33:11', 25, '2023-07-01 16:33:11', 1, false, false),
    ('66347017397', '8218087644162', '2025-07-01 16:33:11', 25, '2023-07-01 16:33:11', 1, false, false),
    ('91785592182', '8970037077171', '2025-07-01 16:33:11', 25, '2023-07-01 16:33:11', 1, false, false),
    ('28882055716', '6955928615680', '2025-07-01 16:33:11', 25, '2023-07-01 16:33:11', 1, false, false),
    ('93633113917', '0085611107693', '2025-07-01 16:33:11', 25, '2023-07-01 16:33:11', 1, false, false),
    ('63607917108', '9944793977457', '2025-07-01 16:33:11', 26, '2023-07-01 16:33:11', 1, false, false),
    ('03118390434', '7706369503764', '2025-07-01 16:33:11', 26, '2023-07-01 16:33:11', 1, false, false),
    ('46566152753', '5481440912271', '2025-07-01 16:33:11', 26, '2023-07-01 16:33:11', 1, false, false),
    ('80773645784', '3235369556087', '2025-07-01 16:33:11', 26, '2023-07-01 16:33:11', 1, false, false),
    ('18895715013', '0545896323672', '2025-07-01 16:33:11', 26, '2023-07-01 16:33:11', 1, false, false),
    ('22487552552', '7911683792990', '2025-07-01 16:33:11', 26, '2023-07-01 16:33:11', 1, false, false),
    ('40548490788', '1363739734353', '2025-07-01 16:33:11', 26, '2023-07-01 16:33:11', 1, false, false),
    ('99818010725', '4280548977443', '2025-07-01 16:33:11', 26, '2023-07-01 16:33:11', 1, false, false),
    ('00488306124', '6976687648440', '2025-07-01 16:33:11', 26, '2023-07-01 16:33:11', 1, false, false),
    ('94130879866', '8307190871432', '2025-07-01 16:33:11', 26, '2023-07-01 16:33:11', 1, false, false),
    ('26700656645', '3849227348268', '2025-07-01 16:33:11', 26, '2023-07-01 16:33:11', 1, false, false),
    ('63429185121', '2906583664448', '2025-07-01 16:33:11', 26, '2023-07-01 16:33:11', 1, false, false),
    ('35468026052', '6034946126019', '2025-07-01 16:33:11', 26, '2023-07-01 16:33:11', 1, false, false),
    ('59325999451', '5012062282591', '2025-07-01 16:33:11', 26, '2023-07-01 16:33:11', 1, false, false),
    ('95619531612', '9770246739170', '2025-07-01 16:33:11', 26, '2023-07-01 16:33:11', 1, false, false),
    ('66740687251', '6546093462084', '2025-07-01 16:33:11', 26, '2023-07-01 16:33:11', 1, false, false),
    ('99696295719', '4820905112755', '2025-07-01 16:33:11', 26, '2023-07-01 16:33:11', 1, false, false),
    ('04530081095', '6045989581408', '2025-07-01 16:33:11', 26, '2023-07-01 16:33:11', 1, false, false),
    ('00390259947', '8016501904522', '2025-07-01 16:33:11', 26, '2023-07-01 16:33:11', 1, false, false),
    ('42660173739', '7783567718916', '2025-07-01 16:33:11', 26, '2023-07-01 16:33:11', 1, false, false),
    ('72224795950', '7245341414465', '2025-07-01 16:33:11', 26, '2023-07-01 16:33:11', 1, false, false),
    ('29813663104', '1954517900650', '2025-07-01 16:33:11', 26, '2023-07-01 16:33:11', 1, false, false),
    ('29165319863', '5013792926292', '2025-07-01 16:33:11', 26, '2023-07-01 16:33:11', 1, false, false),
    ('77340479313', '7300091499436', '2025-07-01 16:33:11', 26, '2023-07-01 16:33:11', 1, false, false),
    ('15845007460', '5255518053547', '2025-07-01 16:33:11', 26, '2023-07-01 16:33:11', 1, false, false),
    ('51123288363', '0242515972821', '2025-07-01 16:33:11', 26, '2023-07-01 16:33:11', 1, false, false),
    ('51838791080', '8351696498541', '2025-07-01 16:33:11', 26, '2023-07-01 16:33:11', 1, false, false),
    ('57842923545', '4543061868492', '2025-07-01 16:33:11', 26, '2023-07-01 16:33:11', 1, false, false),
    ('72909557767', '7684663618555', '2025-07-01 16:33:11', 26, '2023-07-01 16:33:11', 1, false, false),
    ('39336424894', '8230557631392', '2025-07-01 16:33:11', 26, '2023-07-01 16:33:11', 1, false, false),
    ('90276362532', '8356431627351', '2025-07-01 16:33:11', 26, '2023-07-01 16:33:11', 1, false, false),
    ('13678593659', '8599424070736', '2025-07-01 16:33:11', 26, '2023-07-01 16:33:11', 1, false, false),
    ('13585139230', '8062975428646', '2025-07-01 16:33:11', 26, '2023-07-01 16:33:11', 1, false, false),
    ('20676777541', '1883663999556', '2025-07-01 16:33:11', 26, '2023-07-01 16:33:11', 1, false, false),
    ('12371421996', '7888773114504', '2025-07-01 16:33:11', 26, '2023-07-01 16:33:11', 1, false, false),
    ('42365477075', '1151865769067', '2025-07-01 16:33:11', 26, '2023-07-01 16:33:11', 1, false, false),
    ('72825607804', '5021567765323', '2025-07-01 16:33:11', 26, '2023-07-01 16:33:11', 1, false, false),
    ('31543814732', '4074738305368', '2025-07-01 16:33:11', 26, '2023-07-01 16:33:11', 1, false, false),
    ('52049842734', '7039093768341', '2025-07-01 16:33:11', 26, '2023-07-01 16:33:11', 1, false, false),
    ('55358920398', '6078458389548', '2025-07-01 16:33:11', 26, '2023-07-01 16:33:11', 1, false, false),
    ('65478234751', '8866364960229', '2025-07-01 16:33:11', 26, '2023-07-01 16:33:11', 1, false, false),
    ('21829768040', '5680561405563', '2025-07-01 16:33:11', 26, '2023-07-01 16:33:11', 1, false, false),
    ('83184885456', '2302268725353', '2025-07-01 16:33:11', 26, '2023-07-01 16:33:11', 1, false, false),
    ('47318369334', '2751335688376', '2025-07-01 16:33:11', 26, '2023-07-01 16:33:11', 1, false, false),
    ('44323246658', '7889296456220', '2025-07-01 16:33:11', 26, '2023-07-01 16:33:11', 1, false, false),
    ('60430799612', '2911602427863', '2025-07-01 16:33:11', 26, '2023-07-01 16:33:11', 1, false, false),
    ('00617609939', '1556080797534', '2025-07-01 16:33:11', 26, '2023-07-01 16:33:11', 1, false, false),
    ('55426217536', '6898278329132', '2025-07-01 16:33:11', 26, '2023-07-01 16:33:11', 1, false, false),
    ('39806602138', '3310309751402', '2025-07-01 16:33:11', 26, '2023-07-01 16:33:11', 1, false, false),
    ('28586555748', '8731366656591', '2025-07-01 16:33:11', 26, '2023-07-01 16:33:11', 1, false, false),
    ('39322244416', '3475766126810', '2025-07-01 16:33:11', 27, '2023-07-01 16:33:11', 1, false, false),
    ('07118452963', '6552759506840', '2025-07-01 16:33:11', 27, '2023-07-01 16:33:11', 1, false, false),
    ('93626606695', '2948690076488', '2025-07-01 16:33:11', 27, '2023-07-01 16:33:11', 1, false, false),
    ('05112144577', '4292651864089', '2025-07-01 16:33:11', 27, '2023-07-01 16:33:11', 1, false, false),
    ('62505176822', '3940001219051', '2025-07-01 16:33:11', 27, '2023-07-01 16:33:11', 1, false, false),
    ('33157359072', '2107503122103', '2025-07-01 16:33:11', 27, '2023-07-01 16:33:11', 1, false, false),
    ('62581752895', '8436514374358', '2025-07-01 16:33:11', 27, '2023-07-01 16:33:11', 1, false, false),
    ('21627117516', '4056004512197', '2025-07-01 16:33:11', 27, '2023-07-01 16:33:11', 1, false, false),
    ('90119194344', '6342032185866', '2025-07-01 16:33:11', 27, '2023-07-01 16:33:11', 1, false, false),
    ('78497010183', '0448774623993', '2025-07-01 16:33:11', 27, '2023-07-01 16:33:11', 1, false, false),
    ('78308629137', '1572450002130', '2025-07-01 16:33:11', 27, '2023-07-01 16:33:11', 1, false, false),
    ('41384698333', '7502666886524', '2025-07-01 16:33:11', 27, '2023-07-01 16:33:11', 1, false, false),
    ('89415561754', '5287311969244', '2025-07-01 16:33:11', 27, '2023-07-01 16:33:11', 1, false, false),
    ('18857691186', '4461903111819', '2025-07-01 16:33:11', 27, '2023-07-01 16:33:11', 1, false, false),
    ('58852105193', '4631946549291', '2025-07-01 16:33:11', 27, '2023-07-01 16:33:11', 1, false, false),
    ('05988537117', '0051078298308', '2025-07-01 16:33:11', 27, '2023-07-01 16:33:11', 1, false, false),
    ('69730057391', '8661022704806', '2025-07-01 16:33:11', 27, '2023-07-01 16:33:11', 1, false, false),
    ('58986466397', '1631744548014', '2025-07-01 16:33:11', 27, '2023-07-01 16:33:11', 1, false, false),
    ('72063875718', '3391471975931', '2025-07-01 16:33:11', 27, '2023-07-01 16:33:11', 1, false, false),
    ('99729140343', '7994721790493', '2025-07-01 16:33:11', 27, '2023-07-01 16:33:11', 1, false, false),
    ('70320325524', '3464186801266', '2025-07-01 16:33:11', 27, '2023-07-01 16:33:11', 1, false, false),
    ('64410424875', '2900570376377', '2025-07-01 16:33:11', 27, '2023-07-01 16:33:11', 1, false, false),
    ('55035785003', '5582243730217', '2025-07-01 16:33:11', 27, '2023-07-01 16:33:11', 1, false, false),
    ('23689368801', '9960524935335', '2025-07-01 16:33:11', 27, '2023-07-01 16:33:11', 1, false, false),
    ('27124035665', '0076212701485', '2025-07-01 16:33:11', 27, '2023-07-01 16:33:11', 1, false, false),
    ('10911588625', '0170938511883', '2025-07-01 16:33:11', 27, '2023-07-01 16:33:11', 1, false, false),
    ('87193045949', '3422660085050', '2025-07-01 16:33:11', 27, '2023-07-01 16:33:11', 1, false, false),
    ('43082708020', '6793756637359', '2025-07-01 16:33:11', 27, '2023-07-01 16:33:11', 1, false, false),
    ('38976708299', '9248300457072', '2025-07-01 16:33:11', 27, '2023-07-01 16:33:11', 1, false, false),
    ('67231766783', '8705946875825', '2025-07-01 16:33:11', 27, '2023-07-01 16:33:11', 1, false, false),
    ('78110683059', '5810662659950', '2025-07-01 16:33:11', 27, '2023-07-01 16:33:11', 1, false, false),
    ('29330817859', '6555374930767', '2025-07-01 16:33:11', 27, '2023-07-01 16:33:11', 1, false, false),
    ('91099197135', '4241172220088', '2025-07-01 16:33:11', 27, '2023-07-01 16:33:11', 1, false, false),
    ('46860271450', '7231205683367', '2025-07-01 16:33:11', 27, '2023-07-01 16:33:11', 1, false, false),
    ('35321976718', '1678675497045', '2025-07-01 16:33:11', 27, '2023-07-01 16:33:11', 1, false, false),
    ('25105591928', '5370036951360', '2025-07-01 16:33:11', 27, '2023-07-01 16:33:11', 1, false, false),
    ('52067556254', '8872729945348', '2025-07-01 16:33:11', 27, '2023-07-01 16:33:11', 1, false, false),
    ('04891797351', '9464325603346', '2025-07-01 16:33:11', 27, '2023-07-01 16:33:11', 1, false, false),
    ('44896022071', '2132489449011', '2025-07-01 16:33:11', 27, '2023-07-01 16:33:11', 1, false, false),
    ('74113206229', '0482389692260', '2025-07-01 16:33:11', 27, '2023-07-01 16:33:11', 1, false, false),
    ('04434058428', '8690709561671', '2025-07-01 16:33:11', 27, '2023-07-01 16:33:11', 1, false, false),
    ('61885666963', '2303436309421', '2025-07-01 16:33:11', 27, '2023-07-01 16:33:11', 1, false, false),
    ('95115639404', '3803624987187', '2025-07-01 16:33:11', 27, '2023-07-01 16:33:11', 1, false, false),
    ('17466805666', '4453003298610', '2025-07-01 16:33:11', 27, '2023-07-01 16:33:11', 1, false, false),
    ('64141357799', '2375969315547', '2025-07-01 16:33:11', 27, '2023-07-01 16:33:11', 1, false, false),
    ('83171739736', '0468232680989', '2025-07-01 16:33:11', 27, '2023-07-01 16:33:11', 1, false, false),
    ('61002477968', '6048902424173', '2025-07-01 16:33:11', 27, '2023-07-01 16:33:11', 1, false, false),
    ('22565593214', '7641767519745', '2025-07-01 16:33:11', 27, '2023-07-01 16:33:11', 1, false, false),
    ('14491726408', '7161879658098', '2025-07-01 16:33:11', 27, '2023-07-01 16:33:11', 1, false, false),
    ('94524351883', '8566239389198', '2025-07-01 16:33:11', 27, '2023-07-01 16:33:11', 1, false, false),
    ('16190846099', '1490013040553', '2025-07-01 16:33:11', 28, '2023-07-01 16:33:11', 1, false, false),
    ('37268483803', '4418411625006', '2025-07-01 16:33:11', 28, '2023-07-01 16:33:11', 1, false, false),
    ('52403173869', '0090266806894', '2025-07-01 16:33:11', 28, '2023-07-01 16:33:11', 1, false, false),
    ('70440909683', '7176756619994', '2025-07-01 16:33:11', 28, '2023-07-01 16:33:11', 1, false, false),
    ('32995156881', '2735134089496', '2025-07-01 16:33:11', 28, '2023-07-01 16:33:11', 1, false, false),
    ('39527626846', '2108357434675', '2025-07-01 16:33:11', 28, '2023-07-01 16:33:11', 1, false, false),
    ('33939109679', '1248472243362', '2025-07-01 16:33:11', 28, '2023-07-01 16:33:11', 1, false, false),
    ('13264060907', '7092950972008', '2025-07-01 16:33:11', 28, '2023-07-01 16:33:11', 1, false, false),
    ('45627409714', '5570415630926', '2025-07-01 16:33:11', 28, '2023-07-01 16:33:11', 1, false, false),
    ('68464338873', '6589182452365', '2025-07-01 16:33:11', 28, '2023-07-01 16:33:11', 1, false, false),
    ('01723616812', '4802548840647', '2025-07-01 16:33:11', 28, '2023-07-01 16:33:11', 1, false, false),
    ('09062114230', '3485569537705', '2025-07-01 16:33:11', 28, '2023-07-01 16:33:11', 1, false, false),
    ('88927279252', '7659934843064', '2025-07-01 16:33:11', 28, '2023-07-01 16:33:11', 1, false, false),
    ('22772127568', '1710242239466', '2025-07-01 16:33:11', 28, '2023-07-01 16:33:11', 1, false, false),
    ('10577346247', '6739222326360', '2025-07-01 16:33:11', 28, '2023-07-01 16:33:11', 1, false, false),
    ('39490662501', '4417437067128', '2025-07-01 16:33:11', 28, '2023-07-01 16:33:11', 1, false, false),
    ('51915001990', '5538459798349', '2025-07-01 16:33:11', 28, '2023-07-01 16:33:11', 1, false, false),
    ('50698123292', '0804152828916', '2025-07-01 16:33:11', 28, '2023-07-01 16:33:11', 1, false, false),
    ('05555300455', '5907047339296', '2025-07-01 16:33:11', 28, '2023-07-01 16:33:11', 1, false, false),
    ('67607182146', '5955278006705', '2025-07-01 16:33:11', 28, '2023-07-01 16:33:11', 1, false, false),
    ('02514866644', '8839940997427', '2025-07-01 16:33:11', 28, '2023-07-01 16:33:11', 1, false, false),
    ('03872984397', '7192876181825', '2025-07-01 16:33:11', 28, '2023-07-01 16:33:11', 1, false, false),
    ('50057584579', '9401717423277', '2025-07-01 16:33:11', 28, '2023-07-01 16:33:11', 1, false, false),
    ('21817097569', '8909556695392', '2025-07-01 16:33:11', 28, '2023-07-01 16:33:11', 1, false, false),
    ('01922554892', '7558830244298', '2025-07-01 16:33:11', 28, '2023-07-01 16:33:11', 1, false, false),
    ('54509131306', '8156726088096', '2025-07-01 16:33:11', 28, '2023-07-01 16:33:11', 1, false, false),
    ('45854025090', '4387905814201', '2025-07-01 16:33:11', 28, '2023-07-01 16:33:11', 1, false, false),
    ('13615857493', '0046097556705', '2025-07-01 16:33:11', 28, '2023-07-01 16:33:11', 1, false, false),
    ('61823246024', '0991578504824', '2025-07-01 16:33:11', 28, '2023-07-01 16:33:11', 1, false, false),
    ('42400639907', '5140441178612', '2025-07-01 16:33:11', 28, '2023-07-01 16:33:11', 1, false, false),
    ('24509255676', '5867356416934', '2025-07-01 16:33:11', 28, '2023-07-01 16:33:11', 1, false, false),
    ('09425494083', '2558469970875', '2025-07-01 16:33:11', 28, '2023-07-01 16:33:11', 1, false, false),
    ('64235282783', '8781245137434', '2025-07-01 16:33:11', 28, '2023-07-01 16:33:11', 1, false, false),
    ('49640449866', '3409854924716', '2025-07-01 16:33:11', 28, '2023-07-01 16:33:11', 1, false, false),
    ('66604140270', '0781089685218', '2025-07-01 16:33:11', 28, '2023-07-01 16:33:11', 1, false, false),
    ('41756177353', '8556357940857', '2025-07-01 16:33:11', 28, '2023-07-01 16:33:11', 1, false, false),
    ('19319242354', '3071023116795', '2025-07-01 16:33:11', 28, '2023-07-01 16:33:11', 1, false, false),
    ('32921621099', '3988624060644', '2025-07-01 16:33:11', 28, '2023-07-01 16:33:11', 1, false, false),
    ('31381224459', '7167496854685', '2025-07-01 16:33:11', 28, '2023-07-01 16:33:11', 1, false, false),
    ('59793295104', '8547206867165', '2025-07-01 16:33:11', 28, '2023-07-01 16:33:11', 1, false, false),
    ('88078028960', '4516590520669', '2025-07-01 16:33:11', 28, '2023-07-01 16:33:11', 1, false, false),
    ('16118091904', '6073980028601', '2025-07-01 16:33:11', 28, '2023-07-01 16:33:11', 1, false, false),
    ('27750003083', '8965256393476', '2025-07-01 16:33:11', 28, '2023-07-01 16:33:11', 1, false, false),
    ('23136805351', '9660760678637', '2025-07-01 16:33:11', 28, '2023-07-01 16:33:11', 1, false, false),
    ('48866367730', '8182500106802', '2025-07-01 16:33:11', 28, '2023-07-01 16:33:11', 1, false, false),
    ('25315473226', '2783089866626', '2025-07-01 16:33:11', 28, '2023-07-01 16:33:11', 1, false, false),
    ('20208158636', '5328619431688', '2025-07-01 16:33:11', 28, '2023-07-01 16:33:11', 1, false, false),
    ('53285251846', '9035054305775', '2025-07-01 16:33:11', 28, '2023-07-01 16:33:11', 1, false, false),
    ('94270927475', '9680603127076', '2025-07-01 16:33:11', 28, '2023-07-01 16:33:11', 1, false, false),
    ('50530609959', '6615813743519', '2025-07-01 16:33:11', 28, '2023-07-01 16:33:11', 1, false, false),
    ('38789344441', '3579651841580', '2025-07-01 16:33:11', 29, '2023-07-01 16:33:11', 1, false, false),
    ('00142777836', '8209924333474', '2025-07-01 16:33:11', 29, '2023-07-01 16:33:11', 1, false, false),
    ('08516279096', '8182713527907', '2025-07-01 16:33:11', 29, '2023-07-01 16:33:11', 1, false, false),
    ('81307935842', '9744719741327', '2025-07-01 16:33:11', 29, '2023-07-01 16:33:11', 1, false, false),
    ('22453769442', '9106236649370', '2025-07-01 16:33:11', 29, '2023-07-01 16:33:11', 1, false, false),
    ('66318814549', '2052163187804', '2025-07-01 16:33:11', 29, '2023-07-01 16:33:11', 1, false, false),
    ('38928915561', '4302166240115', '2025-07-01 16:33:11', 29, '2023-07-01 16:33:11', 1, false, false),
    ('84930102088', '8450470657220', '2025-07-01 16:33:11', 29, '2023-07-01 16:33:11', 1, false, false),
    ('98753323442', '5061714634287', '2025-07-01 16:33:11', 29, '2023-07-01 16:33:11', 1, false, false),
    ('94828966112', '7116648440268', '2025-07-01 16:33:11', 29, '2023-07-01 16:33:11', 1, false, false),
    ('90378132980', '4876712606783', '2025-07-01 16:33:11', 29, '2023-07-01 16:33:11', 1, false, false),
    ('57727973878', '5677065990484', '2025-07-01 16:33:11', 29, '2023-07-01 16:33:11', 1, false, false),
    ('50129712621', '6288818894725', '2025-07-01 16:33:11', 29, '2023-07-01 16:33:11', 1, false, false),
    ('96906056320', '5877631339588', '2025-07-01 16:33:11', 29, '2023-07-01 16:33:11', 1, false, false),
    ('31074505149', '0551379606012', '2025-07-01 16:33:11', 29, '2023-07-01 16:33:11', 1, false, false),
    ('11221890528', '2671520129594', '2025-07-01 16:33:11', 29, '2023-07-01 16:33:11', 1, false, false),
    ('30404682008', '3272622169676', '2025-07-01 16:33:11', 29, '2023-07-01 16:33:11', 1, false, false),
    ('18131950772', '1003414395107', '2025-07-01 16:33:11', 29, '2023-07-01 16:33:11', 1, false, false),
    ('83657045979', '8829660643322', '2025-07-01 16:33:11', 29, '2023-07-01 16:33:11', 1, false, false),
    ('10235422886', '8977522649837', '2025-07-01 16:33:11', 29, '2023-07-01 16:33:11', 1, false, false),
    ('97445971854', '5773594879129', '2025-07-01 16:33:11', 29, '2023-07-01 16:33:11', 1, false, false),
    ('16732099254', '4086735602085', '2025-07-01 16:33:11', 29, '2023-07-01 16:33:11', 1, false, false),
    ('14367909044', '4104410314475', '2025-07-01 16:33:11', 29, '2023-07-01 16:33:11', 1, false, false),
    ('25194957092', '5522983417205', '2025-07-01 16:33:11', 29, '2023-07-01 16:33:11', 1, false, false),
    ('79324518883', '5274037738109', '2025-07-01 16:33:11', 29, '2023-07-01 16:33:11', 1, false, false),
    ('40585424174', '1551947700942', '2025-07-01 16:33:11', 29, '2023-07-01 16:33:11', 1, false, false),
    ('46884787725', '9915129884640', '2025-07-01 16:33:11', 29, '2023-07-01 16:33:11', 1, false, false),
    ('16145498541', '7557467949206', '2025-07-01 16:33:11', 29, '2023-07-01 16:33:11', 1, false, false),
    ('67256880491', '9421402174292', '2025-07-01 16:33:11', 29, '2023-07-01 16:33:11', 1, false, false),
    ('34042483536', '8935577407956', '2025-07-01 16:33:11', 29, '2023-07-01 16:33:11', 1, false, false),
    ('14204160219', '3444228826037', '2025-07-01 16:33:11', 29, '2023-07-01 16:33:11', 1, false, false),
    ('36142694490', '1485212830375', '2025-07-01 16:33:11', 29, '2023-07-01 16:33:11', 1, false, false),
    ('98515476212', '1951559373385', '2025-07-01 16:33:11', 29, '2023-07-01 16:33:11', 1, false, false),
    ('65965050657', '4178873799235', '2025-07-01 16:33:11', 29, '2023-07-01 16:33:11', 1, false, false),
    ('71867966407', '5627294223949', '2025-07-01 16:33:11', 29, '2023-07-01 16:33:11', 1, false, false),
    ('24468868243', '3939832612002', '2025-07-01 16:33:11', 29, '2023-07-01 16:33:11', 1, false, false),
    ('17483036562', '6111685325470', '2025-07-01 16:33:11', 29, '2023-07-01 16:33:11', 1, false, false),
    ('54964914464', '4398219145552', '2025-07-01 16:33:11', 29, '2023-07-01 16:33:11', 1, false, false),
    ('21500515205', '4722011352552', '2025-07-01 16:33:11', 29, '2023-07-01 16:33:11', 1, false, false),
    ('03399308018', '5579545811153', '2025-07-01 16:33:11', 29, '2023-07-01 16:33:11', 1, false, false),
    ('60154376878', '5068326969919', '2025-07-01 16:33:11', 29, '2023-07-01 16:33:11', 1, false, false),
    ('52044344351', '9339286087921', '2025-07-01 16:33:11', 29, '2023-07-01 16:33:11', 1, false, false),
    ('41639910652', '8774172445792', '2025-07-01 16:33:11', 29, '2023-07-01 16:33:11', 1, false, false),
    ('42842600041', '2847332789506', '2025-07-01 16:33:11', 29, '2023-07-01 16:33:11', 1, false, false),
    ('28898558626', '5178273347686', '2025-07-01 16:33:11', 29, '2023-07-01 16:33:11', 1, false, false),
    ('90758426039', '0993147192566', '2025-07-01 16:33:11', 29, '2023-07-01 16:33:11', 1, false, false),
    ('31065125091', '9907166265613', '2025-07-01 16:33:11', 29, '2023-07-01 16:33:11', 1, false, false),
    ('61189170282', '9291937868386', '2025-07-01 16:33:11', 29, '2023-07-01 16:33:11', 1, false, false),
    ('43632717770', '6016316921462', '2025-07-01 16:33:11', 29, '2023-07-01 16:33:11', 1, false, false),
    ('34046654335', '5817930940075', '2025-07-01 16:33:11', 29, '2023-07-01 16:33:11', 1, false, false),
    ('61807943422', '0844673256782', '2025-07-01 16:33:11', 30, '2023-07-01 16:33:11', 1, false, false),
    ('49574453293', '9112500319190', '2025-07-01 16:33:11', 30, '2023-07-01 16:33:11', 1, false, false),
    ('92919428255', '2210204398591', '2025-07-01 16:33:11', 30, '2023-07-01 16:33:11', 1, false, false),
    ('05937030517', '1379388130302', '2025-07-01 16:33:11', 30, '2023-07-01 16:33:11', 1, false, false),
    ('24121685088', '9366683595477', '2025-07-01 16:33:11', 30, '2023-07-01 16:33:11', 1, false, false),
    ('66653130229', '7184972084737', '2025-07-01 16:33:11', 30, '2023-07-01 16:33:11', 1, false, false),
    ('25340554722', '7425963801783', '2025-07-01 16:33:11', 30, '2023-07-01 16:33:11', 1, false, false),
    ('69786925595', '6080209084741', '2025-07-01 16:33:11', 30, '2023-07-01 16:33:11', 1, false, false),
    ('25515769803', '0831315579950', '2025-07-01 16:33:11', 30, '2023-07-01 16:33:11', 1, false, false),
    ('94876891470', '1327362859266', '2025-07-01 16:33:11', 30, '2023-07-01 16:33:11', 1, false, false),
    ('57580914004', '1269029442404', '2025-07-01 16:33:11', 30, '2023-07-01 16:33:11', 1, false, false),
    ('49103413233', '8815406838584', '2025-07-01 16:33:11', 30, '2023-07-01 16:33:11', 1, false, false),
    ('25190366304', '0639752421547', '2025-07-01 16:33:11', 30, '2023-07-01 16:33:11', 1, false, false),
    ('53916039355', '5088282209108', '2025-07-01 16:33:11', 30, '2023-07-01 16:33:11', 1, false, false),
    ('13212779816', '6621110636144', '2025-07-01 16:33:11', 30, '2023-07-01 16:33:11', 1, false, false),
    ('39869089614', '9574141923603', '2025-07-01 16:33:11', 30, '2023-07-01 16:33:11', 1, false, false),
    ('05246492100', '1797427264178', '2025-07-01 16:33:11', 30, '2023-07-01 16:33:11', 1, false, false),
    ('30844647399', '2460390946264', '2025-07-01 16:33:11', 30, '2023-07-01 16:33:11', 1, false, false),
    ('75065496102', '6054519384663', '2025-07-01 16:33:11', 30, '2023-07-01 16:33:11', 1, false, false),
    ('91214179173', '6139920507354', '2025-07-01 16:33:11', 30, '2023-07-01 16:33:11', 1, false, false),
    ('78518241340', '3168079617428', '2025-07-01 16:33:11', 30, '2023-07-01 16:33:11', 1, false, false),
    ('63277179296', '4664025322044', '2025-07-01 16:33:11', 30, '2023-07-01 16:33:11', 1, false, false),
    ('98195119015', '3090832286006', '2025-07-01 16:33:11', 30, '2023-07-01 16:33:11', 1, false, false),
    ('60656237147', '6111355948369', '2025-07-01 16:33:11', 30, '2023-07-01 16:33:11', 1, false, false),
    ('95848494846', '3140734319090', '2025-07-01 16:33:11', 30, '2023-07-01 16:33:11', 1, false, false),
    ('35236813632', '3997916749820', '2025-07-01 16:33:11', 30, '2023-07-01 16:33:11', 1, false, false),
    ('76961366695', '0543240660187', '2025-07-01 16:33:11', 30, '2023-07-01 16:33:11', 1, false, false),
    ('82733621939', '9323715233588', '2025-07-01 16:33:11', 30, '2023-07-01 16:33:11', 1, false, false),
    ('13451920640', '5777755461781', '2025-07-01 16:33:11', 30, '2023-07-01 16:33:11', 1, false, false),
    ('79405536223', '6992529506235', '2025-07-01 16:33:11', 30, '2023-07-01 16:33:11', 1, false, false),
    ('32373010621', '9293402682487', '2025-07-01 16:33:11', 30, '2023-07-01 16:33:11', 1, false, false),
    ('72206919491', '6217078664216', '2025-07-01 16:33:11', 30, '2023-07-01 16:33:11', 1, false, false),
    ('76634267868', '8383268455033', '2025-07-01 16:33:11', 30, '2023-07-01 16:33:11', 1, false, false),
    ('74724743634', '7107643162066', '2025-07-01 16:33:11', 30, '2023-07-01 16:33:11', 1, false, false),
    ('78149820345', '5622422297941', '2025-07-01 16:33:11', 30, '2023-07-01 16:33:11', 1, false, false),
    ('19826788707', '9407235685099', '2025-07-01 16:33:11', 30, '2023-07-01 16:33:11', 1, false, false),
    ('24075930526', '2079436105530', '2025-07-01 16:33:11', 30, '2023-07-01 16:33:11', 1, false, false),
    ('78226313080', '3710209244383', '2025-07-01 16:33:11', 30, '2023-07-01 16:33:11', 1, false, false),
    ('46553058646', '8605023447520', '2025-07-01 16:33:11', 30, '2023-07-01 16:33:11', 1, false, false),
    ('34895766740', '2666374581438', '2025-07-01 16:33:11', 30, '2023-07-01 16:33:11', 1, false, false),
    ('52152267583', '2195837889291', '2025-07-01 16:33:11', 30, '2023-07-01 16:33:11', 1, false, false),
    ('05173854761', '7334200628400', '2025-07-01 16:33:11', 30, '2023-07-01 16:33:11', 1, false, false),
    ('82039704056', '9011311094914', '2025-07-01 16:33:11', 30, '2023-07-01 16:33:11', 1, false, false),
    ('55420276791', '0966119771021', '2025-07-01 16:33:11', 30, '2023-07-01 16:33:11', 1, false, false),
    ('75827196545', '5954256684775', '2025-07-01 16:33:11', 30, '2023-07-01 16:33:11', 1, false, false),
    ('67393623774', '6509864917557', '2025-07-01 16:33:11', 30, '2023-07-01 16:33:11', 1, false, false),
    ('49086912303', '0986366008258', '2025-07-01 16:33:11', 30, '2023-07-01 16:33:11', 1, false, false),
    ('72558704329', '5041701392045', '2025-07-01 16:33:11', 30, '2023-07-01 16:33:11', 1, false, false),
    ('59683581501', '0674930398736', '2025-07-01 16:33:11', 30, '2023-07-01 16:33:11', 1, false, false),
    ('40093642628', '2073632486838', '2025-07-01 16:33:11', 30, '2023-07-01 16:33:11', 1, false, false),
    ('62281572241', '0436884901680', '2025-07-01 16:33:11', 31, '2023-07-01 16:33:11', 1, false, false),
    ('02508947590', '6927898030882', '2025-07-01 16:33:11', 31, '2023-07-01 16:33:11', 1, false, false),
    ('11970244485', '2783400483603', '2025-07-01 16:33:11', 31, '2023-07-01 16:33:11', 1, false, false),
    ('94423108834', '0789243489691', '2025-07-01 16:33:11', 31, '2023-07-01 16:33:11', 1, false, false),
    ('18072563375', '1791818159241', '2025-07-01 16:33:11', 31, '2023-07-01 16:33:11', 1, false, false),
    ('35527498325', '9832511780437', '2025-07-01 16:33:11', 31, '2023-07-01 16:33:11', 1, false, false),
    ('47956286740', '9168265838219', '2025-07-01 16:33:11', 31, '2023-07-01 16:33:11', 1, false, false),
    ('62576905623', '2515845855993', '2025-07-01 16:33:11', 31, '2023-07-01 16:33:11', 1, false, false),
    ('14342386705', '8282909572565', '2025-07-01 16:33:11', 31, '2023-07-01 16:33:11', 1, false, false),
    ('32790220254', '2391748624953', '2025-07-01 16:33:11', 31, '2023-07-01 16:33:11', 1, false, false),
    ('62906364950', '9628665019650', '2025-07-01 16:33:11', 31, '2023-07-01 16:33:11', 1, false, false),
    ('49206076835', '2955187287548', '2025-07-01 16:33:11', 31, '2023-07-01 16:33:11', 1, false, false),
    ('18599132418', '6930621476328', '2025-07-01 16:33:11', 31, '2023-07-01 16:33:11', 1, false, false),
    ('01413202710', '1841990844487', '2025-07-01 16:33:11', 31, '2023-07-01 16:33:11', 1, false, false),
    ('18404241806', '8001401530413', '2025-07-01 16:33:11', 31, '2023-07-01 16:33:11', 1, false, false),
    ('72712633725', '0342980603422', '2025-07-01 16:33:11', 31, '2023-07-01 16:33:11', 1, false, false),
    ('02413653943', '4823603907919', '2025-07-01 16:33:11', 31, '2023-07-01 16:33:11', 1, false, false),
    ('05682456512', '4420153104765', '2025-07-01 16:33:11', 31, '2023-07-01 16:33:11', 1, false, false),
    ('19517102941', '4790049008450', '2025-07-01 16:33:11', 31, '2023-07-01 16:33:11', 1, false, false),
    ('61205983723', '9180564557478', '2025-07-01 16:33:11', 31, '2023-07-01 16:33:11', 1, false, false),
    ('04397663549', '3118387345409', '2025-07-01 16:33:11', 31, '2023-07-01 16:33:11', 1, false, false),
    ('67800298105', '3354488949098', '2025-07-01 16:33:11', 31, '2023-07-01 16:33:11', 1, false, false),
    ('88863757971', '3722331652816', '2025-07-01 16:33:11', 31, '2023-07-01 16:33:11', 1, false, false),
    ('44678749309', '8478501528832', '2025-07-01 16:33:11', 31, '2023-07-01 16:33:11', 1, false, false),
    ('64552015792', '0084989581278', '2025-07-01 16:33:11', 31, '2023-07-01 16:33:11', 1, false, false),
    ('21265927442', '9282051459607', '2025-07-01 16:33:11', 31, '2023-07-01 16:33:11', 1, false, false),
    ('38264076693', '7660362093840', '2025-07-01 16:33:11', 31, '2023-07-01 16:33:11', 1, false, false),
    ('88351929915', '2759536117563', '2025-07-01 16:33:11', 31, '2023-07-01 16:33:11', 1, false, false),
    ('48352817554', '0562017392327', '2025-07-01 16:33:11', 31, '2023-07-01 16:33:11', 1, false, false),
    ('70067918717', '4412136370895', '2025-07-01 16:33:11', 31, '2023-07-01 16:33:11', 1, false, false),
    ('72066864397', '3614258530447', '2025-07-01 16:33:11', 31, '2023-07-01 16:33:11', 1, false, false),
    ('42841463549', '7379446851620', '2025-07-01 16:33:11', 31, '2023-07-01 16:33:11', 1, false, false),
    ('00262709324', '4619218662031', '2025-07-01 16:33:11', 31, '2023-07-01 16:33:11', 1, false, false),
    ('78947056970', '7504254729657', '2025-07-01 16:33:11', 31, '2023-07-01 16:33:11', 1, false, false),
    ('86655696112', '6375765029526', '2025-07-01 16:33:11', 31, '2023-07-01 16:33:11', 1, false, false),
    ('09372161860', '9375471183462', '2025-07-01 16:33:11', 31, '2023-07-01 16:33:11', 1, false, false),
    ('76646130548', '1465271525568', '2025-07-01 16:33:11', 31, '2023-07-01 16:33:11', 1, false, false),
    ('42763699321', '1752068285913', '2025-07-01 16:33:11', 31, '2023-07-01 16:33:11', 1, false, false),
    ('51635553689', '9786801921770', '2025-07-01 16:33:11', 31, '2023-07-01 16:33:11', 1, false, false),
    ('36570760177', '7965932181007', '2025-07-01 16:33:11', 31, '2023-07-01 16:33:11', 1, false, false),
    ('24642089439', '3507088019769', '2025-07-01 16:33:11', 31, '2023-07-01 16:33:11', 1, false, false),
    ('58054818320', '0314463845889', '2025-07-01 16:33:11', 31, '2023-07-01 16:33:11', 1, false, false),
    ('33254457996', '9284834204183', '2025-07-01 16:33:11', 31, '2023-07-01 16:33:11', 1, false, false),
    ('39074327867', '0615771411067', '2025-07-01 16:33:11', 31, '2023-07-01 16:33:11', 1, false, false),
    ('04425544417', '5035362101801', '2025-07-01 16:33:11', 31, '2023-07-01 16:33:11', 1, false, false),
    ('46075853200', '5431070420785', '2025-07-01 16:33:11', 31, '2023-07-01 16:33:11', 1, false, false),
    ('47197081083', '7239037978810', '2025-07-01 16:33:11', 31, '2023-07-01 16:33:11', 1, false, false),
    ('20741812494', '8917552049443', '2025-07-01 16:33:11', 31, '2023-07-01 16:33:11', 1, false, false),
    ('70884422958', '6489676288237', '2025-07-01 16:33:11', 31, '2023-07-01 16:33:11', 1, false, false),
    ('04651841338', '0664045835608', '2025-07-01 16:33:11', 31, '2023-07-01 16:33:11', 1, false, false),
    ('78951079154', '2625025751162', '2025-07-01 16:33:11', 32, '2023-07-01 16:33:11', 1, false, false),
    ('28534381391', '2938905596557', '2025-07-01 16:33:11', 32, '2023-07-01 16:33:11', 1, false, false),
    ('78737573660', '1523702744987', '2025-07-01 16:33:11', 32, '2023-07-01 16:33:11', 1, false, false),
    ('30385212073', '4358382578119', '2025-07-01 16:33:11', 32, '2023-07-01 16:33:11', 1, false, false),
    ('07416953246', '5949447449787', '2025-07-01 16:33:11', 32, '2023-07-01 16:33:11', 1, false, false),
    ('65880988064', '5548167222901', '2025-07-01 16:33:11', 32, '2023-07-01 16:33:11', 1, false, false),
    ('53726886780', '8658571758834', '2025-07-01 16:33:11', 32, '2023-07-01 16:33:11', 1, false, false),
    ('79216881077', '0206408189267', '2025-07-01 16:33:11', 32, '2023-07-01 16:33:11', 1, false, false),
    ('19138709826', '8836866393695', '2025-07-01 16:33:11', 32, '2023-07-01 16:33:11', 1, false, false),
    ('31195107203', '1669651425006', '2025-07-01 16:33:11', 32, '2023-07-01 16:33:11', 1, false, false),
    ('72823927494', '8232902223960', '2025-07-01 16:33:11', 32, '2023-07-01 16:33:11', 1, false, false),
    ('88301086221', '3386318095088', '2025-07-01 16:33:11', 32, '2023-07-01 16:33:11', 1, false, false),
    ('64111170267', '7298290337913', '2025-07-01 16:33:11', 32, '2023-07-01 16:33:11', 1, false, false),
    ('31165200840', '5470616961463', '2025-07-01 16:33:11', 32, '2023-07-01 16:33:11', 1, false, false),
    ('69309920582', '0835364719083', '2025-07-01 16:33:11', 32, '2023-07-01 16:33:11', 1, false, false),
    ('82404177475', '3541022953309', '2025-07-01 16:33:11', 32, '2023-07-01 16:33:11', 1, false, false),
    ('55403309899', '0188065885368', '2025-07-01 16:33:11', 32, '2023-07-01 16:33:11', 1, false, false),
    ('39920719184', '4775701646480', '2025-07-01 16:33:11', 32, '2023-07-01 16:33:11', 1, false, false),
    ('17530386687', '4225742846577', '2025-07-01 16:33:11', 32, '2023-07-01 16:33:11', 1, false, false),
    ('08164002594', '7719623206401', '2025-07-01 16:33:11', 32, '2023-07-01 16:33:11', 1, false, false),
    ('90168748678', '1172244114242', '2025-07-01 16:33:11', 32, '2023-07-01 16:33:11', 1, false, false),
    ('39457353939', '2804365230389', '2025-07-01 16:33:11', 32, '2023-07-01 16:33:11', 1, false, false),
    ('19826961112', '4444500465169', '2025-07-01 16:33:11', 32, '2023-07-01 16:33:11', 1, false, false),
    ('58063993141', '0990998377099', '2025-07-01 16:33:11', 32, '2023-07-01 16:33:11', 1, false, false),
    ('29271378690', '8188275935269', '2025-07-01 16:33:11', 32, '2023-07-01 16:33:11', 1, false, false),
    ('55801602878', '8688212878203', '2025-07-01 16:33:11', 32, '2023-07-01 16:33:11', 1, false, false),
    ('40925909829', '3084406172106', '2025-07-01 16:33:11', 32, '2023-07-01 16:33:11', 1, false, false),
    ('91486263519', '0969416264033', '2025-07-01 16:33:11', 32, '2023-07-01 16:33:11', 1, false, false),
    ('22903790221', '2626657440964', '2025-07-01 16:33:11', 32, '2023-07-01 16:33:11', 1, false, false),
    ('46904793243', '9892731988600', '2025-07-01 16:33:11', 32, '2023-07-01 16:33:11', 1, false, false),
    ('06141340871', '2026015086164', '2025-07-01 16:33:11', 32, '2023-07-01 16:33:11', 1, false, false),
    ('54601900866', '9481132681883', '2025-07-01 16:33:11', 32, '2023-07-01 16:33:11', 1, false, false),
    ('12073577593', '7644255178713', '2025-07-01 16:33:11', 32, '2023-07-01 16:33:11', 1, false, false),
    ('96347412684', '8623275979902', '2025-07-01 16:33:11', 32, '2023-07-01 16:33:11', 1, false, false),
    ('07400089582', '9275987273447', '2025-07-01 16:33:11', 32, '2023-07-01 16:33:11', 1, false, false),
    ('66519451399', '6916831391472', '2025-07-01 16:33:11', 32, '2023-07-01 16:33:11', 1, false, false),
    ('10174912111', '6922472851269', '2025-07-01 16:33:11', 32, '2023-07-01 16:33:11', 1, false, false),
    ('44472660321', '9104287052418', '2025-07-01 16:33:11', 32, '2023-07-01 16:33:11', 1, false, false),
    ('80580814435', '0643939827743', '2025-07-01 16:33:11', 32, '2023-07-01 16:33:11', 1, false, false),
    ('81658227738', '4903622451303', '2025-07-01 16:33:11', 32, '2023-07-01 16:33:11', 1, false, false),
    ('77243383343', '9952142668372', '2025-07-01 16:33:11', 32, '2023-07-01 16:33:11', 1, false, false),
    ('49643032765', '4881082591027', '2025-07-01 16:33:11', 32, '2023-07-01 16:33:11', 1, false, false),
    ('03947077262', '7433020012971', '2025-07-01 16:33:11', 32, '2023-07-01 16:33:11', 1, false, false),
    ('08311542984', '5317741439566', '2025-07-01 16:33:11', 32, '2023-07-01 16:33:11', 1, false, false),
    ('98704169452', '4803198656669', '2025-07-01 16:33:11', 32, '2023-07-01 16:33:11', 1, false, false),
    ('68033263648', '8412058609052', '2025-07-01 16:33:11', 32, '2023-07-01 16:33:11', 1, false, false),
    ('90526518968', '0388284632185', '2025-07-01 16:33:11', 32, '2023-07-01 16:33:11', 1, false, false),
    ('05547157503', '0012408919598', '2025-07-01 16:33:11', 32, '2023-07-01 16:33:11', 1, false, false),
    ('58278852188', '3693127078383', '2025-07-01 16:33:11', 32, '2023-07-01 16:33:11', 1, false, false),
    ('72334562894', '9800889506433', '2025-07-01 16:33:11', 32, '2023-07-01 16:33:11', 1, false, false);



create table order_detail
(
    id      bigint AUTO_INCREMENT,
    `order` bigint,
    storage bigint,
    primary key (id)
);

create table `order`
(
    id          bigint AUTO_INCREMENT,
    user        int,
    status      nvarchar(255),
    totalAmount int,
    product     int,
    quantity    int,
    isDelete    boolean,
    createdAt   datetime,
    createdBy   int,
    updatedAt   datetime,
    updatedBy   int,
    deletedAt   datetime,
    deletedBy   int,
    primary key (id)
);


CREATE TABLE IF NOT EXISTS sellphonecard.`transactions`
(
    id        INT        NOT NULL AUTO_INCREMENT,
    user      INT        NULL DEFAULT NULL,
    orderId   bigint     NULL DEFAULT NULL,
    money     int        NULL DEFAULT NULL,
    note      TEXT       NULL DEFAULT NULL,
    type      TINYINT(1) NULL DEFAULT NULL,
    status    TINYINT(1) NULL DEFAULT NULL,
    updatedAt DATETIME   NULL DEFAULT NULL,
    updatedBy INT        NULL DEFAULT NULL,
    createdAt  DATETIME   NULL DEFAULT NULL,
    createdBy  INT        NULL DEFAULT NULL,
    PRIMARY KEY (id),
    INDEX user (user ASC) VISIBLE,
    INDEX orderId (orderId ASC) VISIBLE
);

update user set balance = 1000000 where id = 2;

create table notice (
    id bigint not null auto_increment,
    subject text collate utf8mb4_unicode_ci,
    content text collate utf8mb4_unicode_ci,
    seen tinyint(1),
    user int,
    isDelete tinyint(1),
    createdAt datetime,
    createdBy int,
    updatedAt datetime,
    updatedBy int,
    deletedAt datetime,
    deletedBy int,
    primary key (id)
);